0.0,-7.654042494670958e-16,-12.5,1.5308084989341916e-16,2.5,0.0
1.0,-3.2352380637815092,-12.074072828613353,0.6470476127563018,2.4148145657226707,0.0
2.0,-6.249999999999998,-10.825317547305485,1.2499999999999998,2.165063509461097,0.0
3.0,-8.838834764831844,-8.838834764831844,1.7677669529663689,1.7677669529663689,0.0
4.0,-10.825317547305483,-6.25,2.1650635094610964,1.25,0.0
5.0,-12.074072828613353,-3.2352380637815115,2.4148145657226703,0.6470476127563023,0.0
6.0,-12.5,-0.0,2.5,0.0,0.0
7.0,-12.074072828613353,3.2352380637815084,2.4148145657226707,-0.6470476127563017,0.0
8.0,-10.825317547305485,6.249999999999998,2.165063509461097,-1.2499999999999996,0.0
9.0,-8.838834764831844,8.838834764831844,1.7677669529663689,-1.7677669529663689,0.0
10.0,-6.250000000000004,10.825317547305481,1.2500000000000009,-2.1650635094610964,0.0
11.0,-3.235238063781512,12.074072828613353,0.6470476127563024,-2.4148145657226703,0.0
0.0,-7.500961644777539e-16,-12.25,1.5308084989341916e-16,2.5,0.1
1.0,-3.170533302505879,-11.832591372041087,0.6470476127563018,2.4148145657226707,0.1
2.0,-6.124999999999998,-10.608811196359374,1.2499999999999998,2.165063509461097,0.1
3.0,-8.662058069535208,-8.662058069535208,1.7677669529663689,1.7677669529663689,0.1
4.0,-10.608811196359373,-6.125,2.1650635094610964,1.25,0.1
5.0,-11.832591372041087,-3.170533302505881,2.4148145657226703,0.6470476127563023,0.1
6.0,-12.25,0.0,2.5,0.0,0.1
7.0,-11.832591372041087,3.1705333025058784,2.4148145657226707,-0.6470476127563017,0.1
8.0,-10.608811196359374,6.124999999999998,2.165063509461097,-1.2499999999999996,0.1
9.0,-8.662058069535208,8.662058069535208,1.7677669529663689,-1.7677669529663689,0.1
10.0,-6.125000000000004,10.60881119635937,1.2500000000000009,-2.1650635094610964,0.1
11.0,-3.1705333025058815,11.832591372041087,0.6470476127563024,-2.4148145657226703,0.1
0.0,-7.34788079488412e-16,-12.0,1.5308084989341916e-16,2.5,0.2
1.0,-3.105828541230249,-11.59110991546882,0.6470476127563018,2.4148145657226707,0.2
2.0,-5.999999999999998,-10.392304845413264,1.2499999999999998,2.165063509461097,0.2
3.0,-8.485281374238571,-8.485281374238571,1.7677669529663689,1.7677669529663689,0.2
4.0,-10.392304845413262,-6.0,2.1650635094610964,1.25,0.2
5.0,-11.59110991546882,-3.1058285412302507,2.4148145657226703,0.6470476127563023,0.2
6.0,-12.0,0.0,2.5,0.0,0.2
7.0,-11.59110991546882,3.1058285412302484,2.4148145657226707,-0.6470476127563017,0.2
8.0,-10.392304845413264,5.999999999999998,2.165063509461097,-1.2499999999999996,0.2
9.0,-8.485281374238571,8.485281374238571,1.7677669529663689,-1.7677669529663689,0.2
10.0,-6.000000000000004,10.39230484541326,1.2500000000000009,-2.1650635094610964,0.2
11.0,-3.105828541230251,11.59110991546882,0.6470476127563024,-2.4148145657226703,0.2
0.0,-7.194799944990701e-16,-11.75,1.5308084989341916e-16,2.5,0.3
1.0,-3.041123779954619,-11.349628458896554,0.6470476127563018,2.4148145657226707,0.3
2.0,-5.874999999999998,-10.175798494467154,1.2499999999999998,2.165063509461097,0.3
3.0,-8.308504678941935,-8.308504678941935,1.7677669529663689,1.7677669529663689,0.3
4.0,-10.175798494467152,-5.875,2.1650635094610964,1.25,0.3
5.0,-11.349628458896554,-3.0411237799546202,2.4148145657226703,0.6470476127563023,0.3
6.0,-11.75,0.0,2.5,0.0,0.3
7.0,-11.349628458896554,3.0411237799546185,2.4148145657226707,-0.6470476127563017,0.3
8.0,-10.175798494467154,5.874999999999998,2.165063509461097,-1.2499999999999996,0.3
9.0,-8.308504678941935,8.308504678941935,1.7677669529663689,-1.7677669529663689,0.3
10.0,-5.875000000000004,10.17579849446715,1.2500000000000009,-2.1650635094610964,0.3
11.0,-3.0411237799546207,11.349628458896554,0.6470476127563024,-2.4148145657226703,0.3
0.0,-7.041719095097282e-16,-11.5,1.5308084989341916e-16,2.5,0.4
1.0,-2.976419018678989,-11.108147002324287,0.6470476127563018,2.4148145657226707,0.4
2.0,-5.749999999999998,-9.959292143521044,1.2499999999999998,2.165063509461097,0.4
3.0,-8.131727983645298,-8.131727983645298,1.7677669529663689,1.7677669529663689,0.4
4.0,-9.959292143521042,-5.75,2.1650635094610964,1.25,0.4
5.0,-11.108147002324287,-2.97641901867899,2.4148145657226703,0.6470476127563023,0.4
6.0,-11.5,0.0,2.5,0.0,0.4
7.0,-11.108147002324287,2.9764190186789885,2.4148145657226707,-0.6470476127563017,0.4
8.0,-9.959292143521044,5.749999999999998,2.165063509461097,-1.2499999999999996,0.4
9.0,-8.131727983645298,8.131727983645298,1.7677669529663689,-1.7677669529663689,0.4
10.0,-5.750000000000004,9.95929214352104,1.2500000000000009,-2.1650635094610964,0.4
11.0,-2.9764190186789903,11.108147002324287,0.6470476127563024,-2.4148145657226703,0.4
0.0,-6.888638245203863e-16,-11.25,1.5308084989341916e-16,2.5,0.5
1.0,-2.911714257403359,-10.86666554575202,0.6470476127563018,2.4148145657226707,0.5
2.0,-5.624999999999998,-9.742785792574933,1.2499999999999998,2.165063509461097,0.5
3.0,-7.954951288348662,-7.954951288348662,1.7677669529663689,1.7677669529663689,0.5
4.0,-9.742785792574931,-5.625,2.1650635094610964,1.25,0.5
5.0,-10.86666554575202,-2.9117142574033594,2.4148145657226703,0.6470476127563023,0.5
6.0,-11.25,0.0,2.5,0.0,0.5
7.0,-10.86666554575202,2.9117142574033585,2.4148145657226707,-0.6470476127563017,0.5
8.0,-9.742785792574933,5.624999999999998,2.165063509461097,-1.2499999999999996,0.5
9.0,-7.954951288348662,7.954951288348662,1.7677669529663689,-1.7677669529663689,0.5
10.0,-5.625000000000004,9.74278579257493,1.2500000000000009,-2.1650635094610964,0.5
11.0,-2.91171425740336,10.86666554575202,0.6470476127563024,-2.4148145657226703,0.5
0.0,-6.735557395310444e-16,-11.0,1.5308084989341916e-16,2.5,0.6
1.0,-2.847009496127729,-10.625184089179754,0.6470476127563018,2.4148145657226707,0.6
2.0,-5.499999999999998,-9.526279441628823,1.2499999999999998,2.165063509461097,0.6
3.0,-7.778174593052025,-7.778174593052025,1.7677669529663689,1.7677669529663689,0.6
4.0,-9.526279441628821,-5.5,2.1650635094610964,1.25,0.6
5.0,-10.625184089179754,-2.847009496127729,2.4148145657226703,0.6470476127563023,0.6
6.0,-11.0,0.0,2.5,0.0,0.6
7.0,-10.625184089179754,2.8470094961277286,2.4148145657226707,-0.6470476127563017,0.6
8.0,-9.526279441628823,5.499999999999998,2.165063509461097,-1.2499999999999996,0.6
9.0,-7.778174593052025,7.778174593052025,1.7677669529663689,-1.7677669529663689,0.6
10.0,-5.500000000000004,9.52627944162882,1.2500000000000009,-2.1650635094610964,0.6
11.0,-2.8470094961277295,10.625184089179754,0.6470476127563024,-2.4148145657226703,0.6
0.0,-6.582476545417025e-16,-10.75,1.5308084989341916e-16,2.5,0.7
1.0,-2.782304734852099,-10.383702632607488,0.6470476127563018,2.4148145657226707,0.7
2.0,-5.374999999999998,-9.309773090682713,1.2499999999999998,2.165063509461097,0.7
3.0,-7.601397897755389,-7.601397897755389,1.7677669529663689,1.7677669529663689,0.7
4.0,-9.309773090682711,-5.375,2.1650635094610964,1.25,0.7
5.0,-10.383702632607488,-2.7823047348520986,2.4148145657226703,0.6470476127563023,0.7
6.0,-10.75,0.0,2.5,0.0,0.7
7.0,-10.383702632607488,2.7823047348520986,2.4148145657226707,-0.6470476127563017,0.7
8.0,-9.309773090682713,5.374999999999998,2.165063509461097,-1.2499999999999996,0.7
9.0,-7.601397897755389,7.601397897755389,1.7677669529663689,-1.7677669529663689,0.7
10.0,-5.375000000000004,9.30977309068271,1.2500000000000009,-2.1650635094610964,0.7
11.0,-2.782304734852099,10.383702632607488,0.6470476127563024,-2.4148145657226703,0.7
0.0,-6.429395695523606e-16,-10.5,1.5308084989341916e-16,2.5,0.8
1.0,-2.717599973576469,-10.142221176035221,0.6470476127563018,2.4148145657226707,0.8
2.0,-5.249999999999998,-9.093266739736602,1.2499999999999998,2.165063509461097,0.8
3.0,-7.424621202458752,-7.424621202458752,1.7677669529663689,1.7677669529663689,0.8
4.0,-9.0932667397366,-5.25,2.1650635094610964,1.25,0.8
5.0,-10.142221176035221,-2.717599973576468,2.4148145657226703,0.6470476127563023,0.8
6.0,-10.5,0.0,2.5,0.0,0.8
7.0,-10.142221176035221,2.7175999735764687,2.4148145657226707,-0.6470476127563017,0.8
8.0,-9.093266739736602,5.249999999999998,2.165063509461097,-1.2499999999999996,0.8
9.0,-7.424621202458752,7.424621202458752,1.7677669529663689,-1.7677669529663689,0.8
10.0,-5.250000000000004,9.093266739736599,1.2500000000000009,-2.1650635094610964,0.8
11.0,-2.7175999735764687,10.142221176035221,0.6470476127563024,-2.4148145657226703,0.8
0.0,-6.276314845630187e-16,-10.25,1.5308084989341916e-16,2.5,0.9
1.0,-2.652895212300839,-9.900739719462955,0.6470476127563018,2.4148145657226707,0.9
2.0,-5.124999999999998,-8.876760388790492,1.2499999999999998,2.165063509461097,0.9
3.0,-7.247844507162116,-7.247844507162116,1.7677669529663689,1.7677669529663689,0.9
4.0,-8.87676038879049,-5.125,2.1650635094610964,1.25,0.9
5.0,-9.900739719462955,-2.652895212300838,2.4148145657226703,0.6470476127563023,0.9
6.0,-10.25,0.0,2.5,0.0,0.9
7.0,-9.900739719462955,2.6528952123008387,2.4148145657226707,-0.6470476127563017,0.9
8.0,-8.876760388790492,5.124999999999998,2.165063509461097,-1.2499999999999996,0.9
9.0,-7.247844507162116,7.247844507162116,1.7677669529663689,-1.7677669529663689,0.9
10.0,-5.125000000000004,8.876760388790489,1.2500000000000009,-2.1650635094610964,0.9
11.0,-2.6528952123008382,9.900739719462955,0.6470476127563024,-2.4148145657226703,0.9
0.0,-6.123233995736768e-16,-10.0,1.5308084989341916e-16,2.5,1.0
1.0,-2.588190451025209,-9.659258262890688,0.6470476127563018,2.4148145657226707,1.0
2.0,-4.999999999999998,-8.660254037844382,1.2499999999999998,2.165063509461097,1.0
3.0,-7.071067811865479,-7.071067811865479,1.7677669529663689,1.7677669529663689,1.0
4.0,-8.66025403784438,-5.0,2.1650635094610964,1.25,1.0
5.0,-9.659258262890688,-2.5881904510252074,2.4148145657226703,0.6470476127563023,1.0
6.0,-10.0,0.0,2.5,0.0,1.0
7.0,-9.659258262890688,2.5881904510252087,2.4148145657226707,-0.6470476127563017,1.0
8.0,-8.660254037844382,4.999999999999998,2.165063509461097,-1.2499999999999996,1.0
9.0,-7.071067811865479,7.071067811865479,1.7677669529663689,-1.7677669529663689,1.0
10.0,-5.000000000000004,8.660254037844378,1.2500000000000009,-2.1650635094610964,1.0
11.0,-2.588190451025208,9.659258262890688,0.6470476127563024,-2.4148145657226703,1.0
0.0,-5.970153145843349e-16,-9.75,1.5308084989341916e-16,2.5,1.1
1.0,-2.523485689749579,-9.417776806318422,0.6470476127563018,2.4148145657226707,1.1
2.0,-4.874999999999998,-8.443747686898272,1.2499999999999998,2.165063509461097,1.1
3.0,-6.8942911165688425,-6.8942911165688425,1.7677669529663689,1.7677669529663689,1.1
4.0,-8.44374768689827,-4.875,2.1650635094610964,1.25,1.1
5.0,-9.417776806318422,-2.523485689749577,2.4148145657226703,0.6470476127563023,1.1
6.0,-9.75,0.0,2.5,0.0,1.1
7.0,-9.417776806318422,2.5234856897495788,2.4148145657226707,-0.6470476127563017,1.1
8.0,-8.443747686898272,4.874999999999998,2.165063509461097,-1.2499999999999996,1.1
9.0,-6.8942911165688425,6.8942911165688425,1.7677669529663689,-1.7677669529663689,1.1
10.0,-4.875000000000004,8.443747686898268,1.2500000000000009,-2.1650635094610964,1.1
11.0,-2.5234856897495774,9.417776806318422,0.6470476127563024,-2.4148145657226703,1.1
0.0,-5.81707229594993e-16,-9.5,1.5308084989341916e-16,2.5,1.2
1.0,-2.4587809284739492,-9.176295349746155,0.6470476127563018,2.4148145657226707,1.2
2.0,-4.749999999999998,-8.227241335952161,1.2499999999999998,2.165063509461097,1.2
3.0,-6.717514421272206,-6.717514421272206,1.7677669529663689,1.7677669529663689,1.2
4.0,-8.22724133595216,-4.75,2.1650635094610964,1.25,1.2
5.0,-9.176295349746155,-2.4587809284739466,2.4148145657226703,0.6470476127563023,1.2
6.0,-9.5,0.0,2.5,0.0,1.2
7.0,-9.176295349746155,2.458780928473949,2.4148145657226707,-0.6470476127563017,1.2
8.0,-8.227241335952161,4.749999999999998,2.165063509461097,-1.2499999999999996,1.2
9.0,-6.717514421272206,6.717514421272206,1.7677669529663689,-1.7677669529663689,1.2
10.0,-4.750000000000004,8.227241335952158,1.2500000000000009,-2.1650635094610964,1.2
11.0,-2.458780928473947,9.176295349746155,0.6470476127563024,-2.4148145657226703,1.2
0.0,-5.663991446056511e-16,-9.25,1.5308084989341916e-16,2.5,1.3
1.0,-2.3940761671983193,-8.934813893173889,0.6470476127563018,2.4148145657226707,1.3
2.0,-4.624999999999998,-8.010734985006051,1.2499999999999998,2.165063509461097,1.3
3.0,-6.5407377259755695,-6.5407377259755695,1.7677669529663689,1.7677669529663689,1.3
4.0,-8.01073498500605,-4.625,2.1650635094610964,1.25,1.3
5.0,-8.934813893173889,-2.394076167198316,2.4148145657226703,0.6470476127563023,1.3
6.0,-9.25,0.0,2.5,0.0,1.3
7.0,-8.934813893173889,2.394076167198319,2.4148145657226707,-0.6470476127563017,1.3
8.0,-8.010734985006051,4.624999999999998,2.165063509461097,-1.2499999999999996,1.3
9.0,-6.5407377259755695,6.5407377259755695,1.7677669529663689,-1.7677669529663689,1.3
10.0,-4.625000000000004,8.010734985006048,1.2500000000000009,-2.1650635094610964,1.3
11.0,-2.3940761671983166,8.934813893173889,0.6470476127563024,-2.4148145657226703,1.3
0.0,-5.510910596163093e-16,-9.0,1.5308084989341916e-16,2.5,1.4
1.0,-2.3293714059226893,-8.693332436601622,0.6470476127563018,2.4148145657226707,1.4
2.0,-4.499999999999998,-7.794228634059942,1.2499999999999998,2.165063509461097,1.4
3.0,-6.363961030678933,-6.363961030678933,1.7677669529663689,1.7677669529663689,1.4
4.0,-7.79422863405994,-4.5,2.1650635094610964,1.25,1.4
5.0,-8.693332436601622,-2.3293714059226858,2.4148145657226703,0.6470476127563023,1.4
6.0,-9.0,0.0,2.5,0.0,1.4
7.0,-8.693332436601622,2.329371405922689,2.4148145657226707,-0.6470476127563017,1.4
8.0,-7.794228634059942,4.499999999999998,2.165063509461097,-1.2499999999999996,1.4
9.0,-6.363961030678933,6.363961030678933,1.7677669529663689,-1.7677669529663689,1.4
10.0,-4.500000000000004,7.794228634059938,1.2500000000000009,-2.1650635094610964,1.4
11.0,-2.329371405922686,8.693332436601622,0.6470476127563024,-2.4148145657226703,1.4
0.0,-5.357829746269674e-16,-8.75,1.5308084989341916e-16,2.5,1.5
1.0,-2.2646666446470594,-8.451850980029356,0.6470476127563018,2.4148145657226707,1.5
2.0,-4.374999999999998,-7.5777222831138324,1.2499999999999998,2.165063509461097,1.5
3.0,-6.187184335382296,-6.187184335382296,1.7677669529663689,1.7677669529663689,1.5
4.0,-7.577722283113831,-4.375,2.1650635094610964,1.25,1.5
5.0,-8.451850980029356,-2.2646666446470554,2.4148145657226703,0.6470476127563023,1.5
6.0,-8.75,0.0,2.5,0.0,1.5
7.0,-8.451850980029356,2.264666644647059,2.4148145657226707,-0.6470476127563017,1.5
8.0,-7.5777222831138324,4.374999999999998,2.165063509461097,-1.2499999999999996,1.5
9.0,-6.187184335382296,6.187184335382296,1.7677669529663689,-1.7677669529663689,1.5
10.0,-4.375000000000004,7.577722283113829,1.2500000000000009,-2.1650635094610964,1.5
11.0,-2.264666644647056,8.451850980029356,0.6470476127563024,-2.4148145657226703,1.5
0.0,-5.204748896376255e-16,-8.5,1.5308084989341916e-16,2.5,1.6
1.0,-2.1999618833714294,-8.21036952345709,0.6470476127563018,2.4148145657226707,1.6
2.0,-4.249999999999998,-7.361215932167723,1.2499999999999998,2.165063509461097,1.6
3.0,-6.01040764008566,-6.01040764008566,1.7677669529663689,1.7677669529663689,1.6
4.0,-7.361215932167721,-4.25,2.1650635094610964,1.25,1.6
5.0,-8.21036952345709,-2.199961883371425,2.4148145657226703,0.6470476127563023,1.6
6.0,-8.5,0.0,2.5,0.0,1.6
7.0,-8.21036952345709,2.199961883371429,2.4148145657226707,-0.6470476127563017,1.6
8.0,-7.361215932167723,4.249999999999998,2.165063509461097,-1.2499999999999996,1.6
9.0,-6.01040764008566,6.01040764008566,1.7677669529663689,-1.7677669529663689,1.6
10.0,-4.250000000000004,7.3612159321677195,1.2500000000000009,-2.1650635094610964,1.6
11.0,-2.1999618833714254,8.21036952345709,0.6470476127563024,-2.4148145657226703,1.6
0.0,-5.051668046482836e-16,-8.25,1.5308084989341916e-16,2.5,1.7
1.0,-2.1352571220957994,-7.968888066884822,0.6470476127563018,2.4148145657226707,1.7
2.0,-4.124999999999998,-7.144709581221614,1.2499999999999998,2.165063509461097,1.7
3.0,-5.833630944789023,-5.833630944789023,1.7677669529663689,1.7677669529663689,1.7
4.0,-7.144709581221612,-4.125,2.1650635094610964,1.25,1.7
5.0,-7.968888066884822,-2.1352571220957945,2.4148145657226703,0.6470476127563023,1.7
6.0,-8.25,0.0,2.5,0.0,1.7
7.0,-7.968888066884822,2.135257122095799,2.4148145657226707,-0.6470476127563017,1.7
8.0,-7.144709581221614,4.124999999999998,2.165063509461097,-1.2499999999999996,1.7
9.0,-5.833630944789023,5.833630944789023,1.7677669529663689,-1.7677669529663689,1.7
10.0,-4.125000000000004,7.14470958122161,1.2500000000000009,-2.1650635094610964,1.7
11.0,-2.135257122095795,7.968888066884822,0.6470476127563024,-2.4148145657226703,1.7
0.0,-4.898587196589417e-16,-8.0,1.5308084989341916e-16,2.5,1.8
1.0,-2.0705523608201695,-7.7274066103125545,0.6470476127563018,2.4148145657226707,1.8
2.0,-3.9999999999999982,-6.928203230275504,1.2499999999999998,2.165063509461097,1.8
3.0,-5.656854249492387,-5.656854249492387,1.7677669529663689,1.7677669529663689,1.8
4.0,-6.9282032302755026,-4.0,2.1650635094610964,1.25,1.8
5.0,-7.7274066103125545,-2.070552360820164,2.4148145657226703,0.6470476127563023,1.8
6.0,-8.0,0.0,2.5,0.0,1.8
7.0,-7.7274066103125545,2.070552360820169,2.4148145657226707,-0.6470476127563017,1.8
8.0,-6.928203230275504,3.9999999999999982,2.165063509461097,-1.2499999999999996,1.8
9.0,-5.656854249492387,5.656854249492387,1.7677669529663689,-1.7677669529663689,1.8
10.0,-4.000000000000004,6.928203230275501,1.2500000000000009,-2.1650635094610964,1.8
11.0,-2.0705523608201646,7.7274066103125545,0.6470476127563024,-2.4148145657226703,1.8
0.0,-4.745506346695998e-16,-7.75,1.5308084989341916e-16,2.5,1.9
1.0,-2.0058475995445395,-7.485925153740287,0.6470476127563018,2.4148145657226707,1.9
2.0,-3.8749999999999982,-6.711696879329395,1.2499999999999998,2.165063509461097,1.9
3.0,-5.48007755419575,-5.48007755419575,1.7677669529663689,1.7677669529663689,1.9
4.0,-6.711696879329393,-3.875,2.1650635094610964,1.25,1.9
5.0,-7.485925153740287,-2.0058475995445337,2.4148145657226703,0.6470476127563023,1.9
6.0,-7.75,0.0,2.5,0.0,1.9
7.0,-7.485925153740287,2.005847599544539,2.4148145657226707,-0.6470476127563017,1.9
8.0,-6.711696879329395,3.8749999999999982,2.165063509461097,-1.2499999999999996,1.9
9.0,-5.48007755419575,5.48007755419575,1.7677669529663689,-1.7677669529663689,1.9
10.0,-3.8750000000000044,6.711696879329391,1.2500000000000009,-2.1650635094610964,1.9
11.0,-2.005847599544534,7.485925153740287,0.6470476127563024,-2.4148145657226703,1.9
0.0,-4.592425496802579e-16,-7.5,1.5308084989341916e-16,2.5,2.0
1.0,-1.9411428382689093,-7.24444369716802,0.6470476127563018,2.4148145657226707,2.0
2.0,-3.7499999999999982,-6.495190528383286,1.2499999999999998,2.165063509461097,2.0
3.0,-5.303300858899114,-5.303300858899114,1.7677669529663689,1.7677669529663689,2.0
4.0,-6.495190528383284,-3.75,2.1650635094610964,1.25,2.0
5.0,-7.24444369716802,-1.9411428382689035,2.4148145657226703,0.6470476127563023,2.0
6.0,-7.5,0.0,2.5,0.0,2.0
7.0,-7.24444369716802,1.9411428382689089,2.4148145657226707,-0.6470476127563017,2.0
8.0,-6.495190528383286,3.7499999999999982,2.165063509461097,-1.2499999999999996,2.0
9.0,-5.303300858899114,5.303300858899114,1.7677669529663689,-1.7677669529663689,2.0
10.0,-3.7500000000000044,6.495190528383282,1.2500000000000009,-2.1650635094610964,2.0
11.0,-1.941142838268904,7.24444369716802,0.6470476127563024,-2.4148145657226703,2.0
0.0,-4.43934464690916e-16,-7.25,1.5308084989341916e-16,2.5,2.1
1.0,-1.8764380769932791,-7.002962240595752,0.6470476127563018,2.4148145657226707,2.1
2.0,-3.6249999999999982,-6.278684177437176,1.2499999999999998,2.165063509461097,2.1
3.0,-5.126524163602477,-5.126524163602477,1.7677669529663689,1.7677669529663689,2.1
4.0,-6.278684177437174,-3.625,2.1650635094610964,1.25,2.1
5.0,-7.002962240595752,-1.8764380769932734,2.4148145657226703,0.6470476127563023,2.1
6.0,-7.25,0.0,2.5,0.0,2.1
7.0,-7.002962240595752,1.8764380769932787,2.4148145657226707,-0.6470476127563017,2.1
8.0,-6.278684177437176,3.6249999999999982,2.165063509461097,-1.2499999999999996,2.1
9.0,-5.126524163602477,5.126524163602477,1.7677669529663689,-1.7677669529663689,2.1
10.0,-3.6250000000000044,6.278684177437173,1.2500000000000009,-2.1650635094610964,2.1
11.0,-1.8764380769932738,7.002962240595752,0.6470476127563024,-2.4148145657226703,2.1
0.0,-4.286263797015741e-16,-7.0,1.5308084989341916e-16,2.5,2.2
1.0,-1.811733315717649,-6.761480784023485,0.6470476127563018,2.4148145657226707,2.2
2.0,-3.4999999999999982,-6.062177826491067,1.2499999999999998,2.165063509461097,2.2
3.0,-4.949747468305841,-4.949747468305841,1.7677669529663689,1.7677669529663689,2.2
4.0,-6.062177826491065,-3.5,2.1650635094610964,1.25,2.2
5.0,-6.761480784023485,-1.8117333157176432,2.4148145657226703,0.6470476127563023,2.2
6.0,-7.0,0.0,2.5,0.0,2.2
7.0,-6.761480784023485,1.8117333157176485,2.4148145657226707,-0.6470476127563017,2.2
8.0,-6.062177826491067,3.4999999999999982,2.165063509461097,-1.2499999999999996,2.2
9.0,-4.949747468305841,4.949747468305841,1.7677669529663689,-1.7677669529663689,2.2
10.0,-3.5000000000000044,6.062177826491063,1.2500000000000009,-2.1650635094610964,2.2
11.0,-1.8117333157176436,6.761480784023485,0.6470476127563024,-2.4148145657226703,2.2
0.0,-4.133182947122322e-16,-6.75,1.5308084989341916e-16,2.5,2.3
1.0,-1.7470285544420188,-6.519999327451218,0.6470476127563018,2.4148145657226707,2.3
2.0,-3.3749999999999982,-5.8456714755449575,1.2499999999999998,2.165063509461097,2.3
3.0,-4.772970773009204,-4.772970773009204,1.7677669529663689,1.7677669529663689,2.3
4.0,-5.845671475544956,-3.375,2.1650635094610964,1.25,2.3
5.0,-6.519999327451218,-1.747028554442013,2.4148145657226703,0.6470476127563023,2.3
6.0,-6.75,0.0,2.5,0.0,2.3
7.0,-6.519999327451218,1.7470285544420183,2.4148145657226707,-0.6470476127563017,2.3
8.0,-5.8456714755449575,3.3749999999999982,2.165063509461097,-1.2499999999999996,2.3
9.0,-4.772970773009204,4.772970773009204,1.7677669529663689,-1.7677669529663689,2.3
10.0,-3.3750000000000044,5.845671475544954,1.2500000000000009,-2.1650635094610964,2.3
11.0,-1.7470285544420134,6.519999327451218,0.6470476127563024,-2.4148145657226703,2.3
0.0,-3.980102097228903e-16,-6.5,1.5308084989341916e-16,2.5,2.4
1.0,-1.6823237931663886,-6.27851787087895,0.6470476127563018,2.4148145657226707,2.4
2.0,-3.2499999999999982,-5.629165124598848,1.2499999999999998,2.165063509461097,2.4
3.0,-4.596194077712568,-4.596194077712568,1.7677669529663689,1.7677669529663689,2.4
4.0,-5.629165124598846,-3.25,2.1650635094610964,1.25,2.4
5.0,-6.27851787087895,-1.6823237931663828,2.4148145657226703,0.6470476127563023,2.4
6.0,-6.5,0.0,2.5,0.0,2.4
7.0,-6.27851787087895,1.6823237931663881,2.4148145657226707,-0.6470476127563017,2.4
8.0,-5.629165124598848,3.2499999999999982,2.165063509461097,-1.2499999999999996,2.4
9.0,-4.596194077712568,4.596194077712568,1.7677669529663689,-1.7677669529663689,2.4
10.0,-3.2500000000000044,5.6291651245988445,1.2500000000000009,-2.1650635094610964,2.4
11.0,-1.6823237931663833,6.27851787087895,0.6470476127563024,-2.4148145657226703,2.4
0.0,-3.827021247335484e-16,-6.25,1.5308084989341916e-16,2.5,2.5
1.0,-1.6176190318907584,-6.037036414306683,0.6470476127563018,2.4148145657226707,2.5
2.0,-3.1249999999999982,-5.412658773652739,1.2499999999999998,2.165063509461097,2.5
3.0,-4.419417382415931,-4.419417382415931,1.7677669529663689,1.7677669529663689,2.5
4.0,-5.412658773652737,-3.125,2.1650635094610964,1.25,2.5
5.0,-6.037036414306683,-1.6176190318907526,2.4148145657226703,0.6470476127563023,2.5
6.0,-6.25,0.0,2.5,0.0,2.5
7.0,-6.037036414306683,1.617619031890758,2.4148145657226707,-0.6470476127563017,2.5
8.0,-5.412658773652739,3.1249999999999982,2.165063509461097,-1.2499999999999996,2.5
9.0,-4.419417382415931,4.419417382415931,1.7677669529663689,-1.7677669529663689,2.5
10.0,-3.1250000000000044,5.412658773652735,1.2500000000000009,-2.1650635094610964,2.5
11.0,-1.617619031890753,6.037036414306683,0.6470476127563024,-2.4148145657226703,2.5
0.0,-3.6739403974420653e-16,-6.0,1.5308084989341916e-16,2.5,2.6
1.0,-1.5529142706151282,-5.795554957734415,0.6470476127563018,2.4148145657226707,2.6
2.0,-2.9999999999999982,-5.196152422706629,1.2499999999999998,2.165063509461097,2.6
3.0,-4.2426406871192945,-4.2426406871192945,1.7677669529663689,1.7677669529663689,2.6
4.0,-5.196152422706628,-3.0,2.1650635094610964,1.25,2.6
5.0,-5.795554957734415,-1.5529142706151224,2.4148145657226703,0.6470476127563023,2.6
6.0,-6.0,0.0,2.5,0.0,2.6
7.0,-5.795554957734415,1.5529142706151278,2.4148145657226707,-0.6470476127563017,2.6
8.0,-5.196152422706629,2.9999999999999982,2.165063509461097,-1.2499999999999996,2.6
9.0,-4.2426406871192945,4.2426406871192945,1.7677669529663689,-1.7677669529663689,2.6
10.0,-3.0000000000000044,5.196152422706626,1.2500000000000009,-2.1650635094610964,2.6
11.0,-1.5529142706151229,5.795554957734415,0.6470476127563024,-2.4148145657226703,2.6
0.0,-3.5208595475486464e-16,-5.75,1.5308084989341916e-16,2.5,2.7
1.0,-1.488209509339498,-5.554073501162148,0.6470476127563018,2.4148145657226707,2.7
2.0,-2.8749999999999982,-4.97964607176052,1.2499999999999998,2.165063509461097,2.7
3.0,-4.065863991822658,-4.065863991822658,1.7677669529663689,1.7677669529663689,2.7
4.0,-4.979646071760518,-2.875,2.1650635094610964,1.25,2.7
5.0,-5.554073501162148,-1.4882095093394923,2.4148145657226703,0.6470476127563023,2.7
6.0,-5.75,0.0,2.5,0.0,2.7
7.0,-5.554073501162148,1.4882095093394976,2.4148145657226707,-0.6470476127563017,2.7
8.0,-4.97964607176052,2.8749999999999982,2.165063509461097,-1.2499999999999996,2.7
9.0,-4.065863991822658,4.065863991822658,1.7677669529663689,-1.7677669529663689,2.7
10.0,-2.8750000000000044,4.979646071760516,1.2500000000000009,-2.1650635094610964,2.7
11.0,-1.4882095093394927,5.554073501162148,0.6470476127563024,-2.4148145657226703,2.7
0.0,-3.3677786976552274e-16,-5.5,1.5308084989341916e-16,2.5,2.8
1.0,-1.4235047480638678,-5.312592044589881,0.6470476127563018,2.4148145657226707,2.8
2.0,-2.7499999999999982,-4.763139720814411,1.2499999999999998,2.165063509461097,2.8
3.0,-3.889087296526021,-3.889087296526021,1.7677669529663689,1.7677669529663689,2.8
4.0,-4.763139720814409,-2.75,2.1650635094610964,1.25,2.8
5.0,-5.312592044589881,-1.423504748063862,2.4148145657226703,0.6470476127563023,2.8
6.0,-5.5,0.0,2.5,0.0,2.8
7.0,-5.312592044589881,1.4235047480638674,2.4148145657226707,-0.6470476127563017,2.8
8.0,-4.763139720814411,2.7499999999999982,2.165063509461097,-1.2499999999999996,2.8
9.0,-3.889087296526021,3.889087296526021,1.7677669529663689,-1.7677669529663689,2.8
10.0,-2.7500000000000044,4.763139720814407,1.2500000000000009,-2.1650635094610964,2.8
11.0,-1.4235047480638625,5.312592044589881,0.6470476127563024,-2.4148145657226703,2.8
0.0,-3.2146978477618085e-16,-5.25,1.5308084989341916e-16,2.5,2.9
1.0,-1.3587999867882377,-5.071110588017613,0.6470476127563018,2.4148145657226707,2.9
2.0,-2.6249999999999982,-4.546633369868301,1.2499999999999998,2.165063509461097,2.9
3.0,-3.712310601229384,-3.712310601229384,1.7677669529663689,1.7677669529663689,2.9
4.0,-4.5466333698682995,-2.625,2.1650635094610964,1.25,2.9
5.0,-5.071110588017613,-1.3587999867882319,2.4148145657226703,0.6470476127563023,2.9
6.0,-5.25,0.0,2.5,0.0,2.9
7.0,-5.071110588017613,1.3587999867882372,2.4148145657226707,-0.6470476127563017,2.9
8.0,-4.546633369868301,2.6249999999999982,2.165063509461097,-1.2499999999999996,2.9
9.0,-3.712310601229384,3.712310601229384,1.7677669529663689,-1.7677669529663689,2.9
10.0,-2.6250000000000044,4.546633369868298,1.2500000000000009,-2.1650635094610964,2.9
11.0,-1.3587999867882323,5.071110588017613,0.6470476127563024,-2.4148145657226703,2.9
0.0,-3.0616169978683896e-16,-5.0,1.5308084989341916e-16,2.5,3.0
1.0,-1.2940952255126075,-4.829629131445346,0.6470476127563018,2.4148145657226707,3.0
2.0,-2.4999999999999982,-4.330127018922192,1.2499999999999998,2.165063509461097,3.0
3.0,-3.535533905932747,-3.535533905932747,1.7677669529663689,1.7677669529663689,3.0
4.0,-4.33012701892219,-2.5,2.1650635094610964,1.25,3.0
5.0,-4.829629131445346,-1.2940952255126017,2.4148145657226703,0.6470476127563023,3.0
6.0,-5.0,0.0,2.5,0.0,3.0
7.0,-4.829629131445346,1.294095225512607,2.4148145657226707,-0.6470476127563017,3.0
8.0,-4.330127018922192,2.4999999999999982,2.165063509461097,-1.2499999999999996,3.0
9.0,-3.535533905932747,3.535533905932747,1.7677669529663689,-1.7677669529663689,3.0
10.0,-2.5000000000000044,4.330127018922188,1.2500000000000009,-2.1650635094610964,3.0
11.0,-1.2940952255126021,4.829629131445346,0.6470476127563024,-2.4148145657226703,3.0
0.0,-2.9085361479749706e-16,-4.75,1.5308084989341916e-16,2.5,3.1
1.0,-1.2293904642369773,-4.5881476748730785,0.6470476127563018,2.4148145657226707,3.1
2.0,-2.3749999999999982,-4.1136206679760825,1.2499999999999998,2.165063509461097,3.1
3.0,-3.35875721063611,-3.35875721063611,1.7677669529663689,1.7677669529663689,3.1
4.0,-4.113620667976081,-2.375,2.1650635094610964,1.25,3.1
5.0,-4.5881476748730785,-1.2293904642369715,2.4148145657226703,0.6470476127563023,3.1
6.0,-4.75,0.0,2.5,0.0,3.1
7.0,-4.5881476748730785,1.2293904642369768,2.4148145657226707,-0.6470476127563017,3.1
8.0,-4.1136206679760825,2.3749999999999982,2.165063509461097,-1.2499999999999996,3.1
9.0,-3.35875721063611,3.35875721063611,1.7677669529663689,-1.7677669529663689,3.1
10.0,-2.3750000000000044,4.113620667976079,1.2500000000000009,-2.1650635094610964,3.1
11.0,-1.229390464236972,4.5881476748730785,0.6470476127563024,-2.4148145657226703,3.1
0.0,-2.7554552980815517e-16,-4.5,1.5308084989341916e-16,2.5,3.2
1.0,-1.164685702961347,-4.346666218300811,0.6470476127563018,2.4148145657226707,3.2
2.0,-2.2499999999999982,-3.8971143170299727,1.2499999999999998,2.165063509461097,3.2
3.0,-3.181980515339473,-3.181980515339473,1.7677669529663689,1.7677669529663689,3.2
4.0,-3.897114317029971,-2.25,2.1650635094610964,1.25,3.2
5.0,-4.346666218300811,-1.1646857029613413,2.4148145657226703,0.6470476127563023,3.2
6.0,-4.5,0.0,2.5,0.0,3.2
7.0,-4.346666218300811,1.1646857029613467,2.4148145657226707,-0.6470476127563017,3.2
8.0,-3.8971143170299727,2.2499999999999982,2.165063509461097,-1.2499999999999996,3.2
9.0,-3.181980515339473,3.181980515339473,1.7677669529663689,-1.7677669529663689,3.2
10.0,-2.2500000000000044,3.897114317029969,1.2500000000000009,-2.1650635094610964,3.2
11.0,-1.1646857029613418,4.346666218300811,0.6470476127563024,-2.4148145657226703,3.2
0.0,-2.6023744481881327e-16,-4.25,1.5308084989341916e-16,2.5,3.3
1.0,-1.099980941685717,-4.105184761728544,0.6470476127563018,2.4148145657226707,3.3
2.0,-2.1249999999999982,-3.680607966083863,1.2499999999999998,2.165063509461097,3.3
3.0,-3.005203820042836,-3.005203820042836,1.7677669529663689,1.7677669529663689,3.3
4.0,-3.680607966083861,-2.125,2.1650635094610964,1.25,3.3
5.0,-4.105184761728544,-1.0999809416857111,2.4148145657226703,0.6470476127563023,3.3
6.0,-4.25,0.0,2.5,0.0,3.3
7.0,-4.105184761728544,1.0999809416857165,2.4148145657226707,-0.6470476127563017,3.3
8.0,-3.680607966083863,2.1249999999999982,2.165063509461097,-1.2499999999999996,3.3
9.0,-3.005203820042836,3.005203820042836,1.7677669529663689,-1.7677669529663689,3.3
10.0,-2.1250000000000044,3.6806079660838593,1.2500000000000009,-2.1650635094610964,3.3
11.0,-1.0999809416857116,4.105184761728544,0.6470476127563024,-2.4148145657226703,3.3
0.0,-2.449293598294714e-16,-4.0,1.5308084989341916e-16,2.5,3.4
1.0,-1.0352761804100867,-3.863703305156277,0.6470476127563018,2.4148145657226707,3.4
2.0,-1.9999999999999982,-3.464101615137753,1.2499999999999998,2.165063509461097,3.4
3.0,-2.828427124746199,-2.828427124746199,1.7677669529663689,1.7677669529663689,3.4
4.0,-3.4641016151377513,-2.0,2.1650635094610964,1.25,3.4
5.0,-3.863703305156277,-1.035276180410081,2.4148145657226703,0.6470476127563023,3.4
6.0,-4.0,0.0,2.5,0.0,3.4
7.0,-3.863703305156277,1.0352761804100863,2.4148145657226707,-0.6470476127563017,3.4
8.0,-3.464101615137753,1.9999999999999982,2.165063509461097,-1.2499999999999996,3.4
9.0,-2.828427124746199,2.828427124746199,1.7677669529663689,-1.7677669529663689,3.4
10.0,-2.0000000000000044,3.4641016151377495,1.2500000000000009,-2.1650635094610964,3.4
11.0,-1.0352761804100814,3.863703305156277,0.6470476127563024,-2.4148145657226703,3.4
0.0,-2.296212748401295e-16,-3.75,1.5308084989341916e-16,2.5,3.5
1.0,-0.9705714191344565,-3.62222184858401,0.6470476127563018,2.4148145657226707,3.5
2.0,-1.8749999999999982,-3.2475952641916432,1.2499999999999998,2.165063509461097,3.5
3.0,-2.651650429449562,-2.651650429449562,1.7677669529663689,1.7677669529663689,3.5
4.0,-3.2475952641916415,-1.875,2.1650635094610964,1.25,3.5
5.0,-3.62222184858401,-0.9705714191344508,2.4148145657226703,0.6470476127563023,3.5
6.0,-3.75,0.0,2.5,0.0,3.5
7.0,-3.62222184858401,0.9705714191344561,2.4148145657226707,-0.6470476127563017,3.5
8.0,-3.2475952641916432,1.8749999999999982,2.165063509461097,-1.2499999999999996,3.5
9.0,-2.651650429449562,2.651650429449562,1.7677669529663689,-1.7677669529663689,3.5
10.0,-1.8750000000000044,3.2475952641916397,1.2500000000000009,-2.1650635094610964,3.5
11.0,-0.9705714191344512,3.62222184858401,0.6470476127563024,-2.4148145657226703,3.5
0.0,-2.1431318985078757e-16,-3.5,1.5308084989341916e-16,2.5,3.6
1.0,-0.9058666578588264,-3.380740392011743,0.6470476127563018,2.4148145657226707,3.6
2.0,-1.7499999999999982,-3.0310889132455334,1.2499999999999998,2.165063509461097,3.6
3.0,-2.474873734152925,-2.474873734152925,1.7677669529663689,1.7677669529663689,3.6
4.0,-3.0310889132455316,-1.75,2.1650635094610964,1.25,3.6
5.0,-3.380740392011743,-0.9058666578588206,2.4148145657226703,0.6470476127563023,3.6
6.0,-3.5,0.0,2.5,0.0,3.6
7.0,-3.380740392011743,0.9058666578588259,2.4148145657226707,-0.6470476127563017,3.6
8.0,-3.0310889132455334,1.7499999999999982,2.165063509461097,-1.2499999999999996,3.6
9.0,-2.474873734152925,2.474873734152925,1.7677669529663689,-1.7677669529663689,3.6
10.0,-1.7500000000000044,3.03108891324553,1.2500000000000009,-2.1650635094610964,3.6
11.0,-0.905866657858821,3.380740392011743,0.6470476127563024,-2.4148145657226703,3.6
0.0,-1.9900510486144565e-16,-3.25,1.5308084989341916e-16,2.5,3.7
1.0,-0.8411618965831962,-3.139258935439476,0.6470476127563018,2.4148145657226707,3.7
2.0,-1.6249999999999982,-2.8145825622994236,1.2499999999999998,2.165063509461097,3.7
3.0,-2.2980970388562882,-2.2980970388562882,1.7677669529663689,1.7677669529663689,3.7
4.0,-2.814582562299422,-1.625,2.1650635094610964,1.25,3.7
5.0,-3.139258935439476,-0.8411618965831904,2.4148145657226703,0.6470476127563023,3.7
6.0,-3.25,0.0,2.5,0.0,3.7
7.0,-3.139258935439476,0.8411618965831957,2.4148145657226707,-0.6470476127563017,3.7
8.0,-2.8145825622994236,1.6249999999999982,2.165063509461097,-1.2499999999999996,3.7
9.0,-2.2980970388562882,2.2980970388562882,1.7677669529663689,-1.7677669529663689,3.7
10.0,-1.6250000000000044,2.81458256229942,1.2500000000000009,-2.1650635094610964,3.7
11.0,-0.8411618965831908,3.139258935439476,0.6470476127563024,-2.4148145657226703,3.7
0.0,-1.8369701987210373e-16,-3.0,1.5308084989341916e-16,2.5,3.8
1.0,-0.776457135307566,-2.897777478867209,0.6470476127563018,2.4148145657226707,3.8
2.0,-1.4999999999999982,-2.598076211353314,1.2499999999999998,2.165063509461097,3.8
3.0,-2.1213203435596513,-2.1213203435596513,1.7677669529663689,1.7677669529663689,3.8
4.0,-2.598076211353312,-1.5,2.1650635094610964,1.25,3.8
5.0,-2.897777478867209,-0.7764571353075602,2.4148145657226703,0.6470476127563023,3.8
6.0,-3.0,0.0,2.5,0.0,3.8
7.0,-2.897777478867209,0.7764571353075655,2.4148145657226707,-0.6470476127563017,3.8
8.0,-2.598076211353314,1.4999999999999982,2.165063509461097,-1.2499999999999996,3.8
9.0,-2.1213203435596513,2.1213203435596513,1.7677669529663689,-1.7677669529663689,3.8
10.0,-1.5000000000000044,2.5980762113533102,1.2500000000000009,-2.1650635094610964,3.8
11.0,-0.7764571353075607,2.897777478867209,0.6470476127563024,-2.4148145657226703,3.8
0.0,-1.6838893488276181e-16,-2.75,1.5308084989341916e-16,2.5,3.9
1.0,-0.7117523740319358,-2.656296022294942,0.6470476127563018,2.4148145657226707,3.9
2.0,-1.3749999999999982,-2.381569860407204,1.2499999999999998,2.165063509461097,3.9
3.0,-1.9445436482630143,-1.9445436482630143,1.7677669529663689,1.7677669529663689,3.9
4.0,-2.381569860407202,-1.375,2.1650635094610964,1.25,3.9
5.0,-2.656296022294942,-0.71175237403193,2.4148145657226703,0.6470476127563023,3.9
6.0,-2.75,0.0,2.5,0.0,3.9
7.0,-2.656296022294942,0.7117523740319354,2.4148145657226707,-0.6470476127563017,3.9
8.0,-2.381569860407204,1.3749999999999982,2.165063509461097,-1.2499999999999996,3.9
9.0,-1.9445436482630143,1.9445436482630143,1.7677669529663689,-1.7677669529663689,3.9
10.0,-1.3750000000000044,2.3815698604072004,1.2500000000000009,-2.1650635094610964,3.9
11.0,-0.7117523740319305,2.656296022294942,0.6470476127563024,-2.4148145657226703,3.9
0.0,-1.530808498934199e-16,-2.5,1.5308084989341916e-16,2.5,4.0
1.0,-0.6470476127563056,-2.414814565722675,0.6470476127563018,2.4148145657226707,4.0
2.0,-1.2499999999999982,-2.165063509461094,1.2499999999999998,2.165063509461097,4.0
3.0,-1.7677669529663773,-1.7677669529663773,1.7677669529663689,1.7677669529663689,4.0
4.0,-2.1650635094610924,-1.25,2.1650635094610964,1.25,4.0
5.0,-2.414814565722675,-0.6470476127562999,2.4148145657226703,0.6470476127563023,4.0
6.0,-2.5,0.0,2.5,0.0,4.0
7.0,-2.414814565722675,0.6470476127563052,2.4148145657226707,-0.6470476127563017,4.0
8.0,-2.165063509461094,1.2499999999999982,2.165063509461097,-1.2499999999999996,4.0
9.0,-1.7677669529663773,1.7677669529663773,1.7677669529663689,-1.7677669529663689,4.0
10.0,-1.2500000000000044,2.1650635094610906,1.2500000000000009,-2.1650635094610964,4.0
11.0,-0.6470476127563003,2.414814565722675,0.6470476127563024,-2.4148145657226703,4.0
0.0,-1.3777276490407798e-16,-2.25,1.5308084989341916e-16,2.5,4.1
1.0,-0.5823428514806754,-2.1733331091504082,0.6470476127563018,2.4148145657226707,4.1
2.0,-1.1249999999999982,-1.9485571585149843,1.2499999999999998,2.165063509461097,4.1
3.0,-1.5909902576697403,-1.5909902576697403,1.7677669529663689,1.7677669529663689,4.1
4.0,-1.9485571585149828,-1.125,2.1650635094610964,1.25,4.1
5.0,-2.1733331091504082,-0.5823428514806697,2.4148145657226703,0.6470476127563023,4.1
6.0,-2.25,0.0,2.5,0.0,4.1
7.0,-2.1733331091504082,0.582342851480675,2.4148145657226707,-0.6470476127563017,4.1
8.0,-1.9485571585149843,1.1249999999999982,2.165063509461097,-1.2499999999999996,4.1
9.0,-1.5909902576697403,1.5909902576697403,1.7677669529663689,-1.7677669529663689,4.1
10.0,-1.1250000000000044,1.948557158514981,1.2500000000000009,-2.1650635094610964,4.1
11.0,-0.5823428514806701,2.1733331091504082,0.6470476127563024,-2.4148145657226703,4.1
0.0,-1.2246467991473606e-16,-2.0,1.5308084989341916e-16,2.5,4.2
1.0,-0.5176380902050453,-1.931851652578141,0.6470476127563018,2.4148145657226707,4.2
2.0,-0.9999999999999982,-1.7320508075688745,1.2499999999999998,2.165063509461097,4.2
3.0,-1.4142135623731034,-1.4142135623731034,1.7677669529663689,1.7677669529663689,4.2
4.0,-1.7320508075688732,-1.0,2.1650635094610964,1.25,4.2
5.0,-1.9318516525781413,-0.5176380902050395,2.4148145657226703,0.6470476127563023,4.2
6.0,-2.0,0.0,2.5,0.0,4.2
7.0,-1.931851652578141,0.5176380902050448,2.4148145657226707,-0.6470476127563017,4.2
8.0,-1.7320508075688745,0.9999999999999982,2.165063509461097,-1.2499999999999996,4.2
9.0,-1.4142135623731034,1.4142135623731034,1.7677669529663689,-1.7677669529663689,4.2
10.0,-1.0000000000000044,1.7320508075688714,1.2500000000000009,-2.1650635094610964,4.2
11.0,-0.5176380902050399,1.9318516525781413,0.6470476127563024,-2.4148145657226703,4.2
0.0,-1.0715659492539414e-16,-1.75,1.5308084989341916e-16,2.5,4.3
1.0,-0.45293332892941507,-1.690370196005874,0.6470476127563018,2.4148145657226707,4.3
2.0,-0.8749999999999982,-1.5155444566227647,1.2499999999999998,2.165063509461097,4.3
3.0,-1.2374368670764664,-1.2374368670764664,1.7677669529663689,1.7677669529663689,4.3
4.0,-1.5155444566227636,-0.875,2.1650635094610964,1.25,4.3
5.0,-1.6903701960058743,-0.45293332892940924,2.4148145657226703,0.6470476127563023,4.3
6.0,-1.75,0.0,2.5,0.0,4.3
7.0,-1.690370196005874,0.4529333289294146,2.4148145657226707,-0.6470476127563017,4.3
8.0,-1.5155444566227647,0.8749999999999982,2.165063509461097,-1.2499999999999996,4.3
9.0,-1.2374368670764664,1.2374368670764664,1.7677669529663689,-1.7677669529663689,4.3
10.0,-0.8750000000000043,1.5155444566227618,1.2500000000000009,-2.1650635094610964,4.3
11.0,-0.4529333289294097,1.6903701960058743,0.6470476127563024,-2.4148145657226703,4.3
0.0,-9.184850993605222e-17,-1.5,1.5308084989341916e-16,2.5,4.4
1.0,-0.3882285676537849,-1.4488887394336067,0.6470476127563018,2.4148145657226707,4.4
2.0,-0.7499999999999982,-1.299038105676655,1.2499999999999998,2.165063509461097,4.4
3.0,-1.0606601717798294,-1.0606601717798294,1.7677669529663689,1.7677669529663689,4.4
4.0,-1.299038105676654,-0.75,2.1650635094610964,1.25,4.4
5.0,-1.4488887394336074,-0.388228567653779,2.4148145657226703,0.6470476127563023,4.4
6.0,-1.5,0.0,2.5,0.0,4.4
7.0,-1.4488887394336067,0.38822856765378444,2.4148145657226707,-0.6470476127563017,4.4
8.0,-1.299038105676655,0.7499999999999982,2.165063509461097,-1.2499999999999996,4.4
9.0,-1.0606601717798294,1.0606601717798294,1.7677669529663689,-1.7677669529663689,4.4
10.0,-0.7500000000000042,1.2990381056766522,1.2500000000000009,-2.1650635094610964,4.4
11.0,-0.38822856765377944,1.4488887394336074,0.6470476127563024,-2.4148145657226703,4.4
0.0,-7.65404249467103e-17,-1.25,1.5308084989341916e-16,2.5,4.5
1.0,-0.3235238063781547,-1.2074072828613396,0.6470476127563018,2.4148145657226707,4.5
2.0,-0.6249999999999982,-1.082531754730545,1.2499999999999998,2.165063509461097,4.5
3.0,-0.8838834764831925,-0.8838834764831925,1.7677669529663689,1.7677669529663689,4.5
4.0,-1.0825317547305444,-0.625,2.1650635094610964,1.25,4.5
5.0,-1.2074072828613405,-0.32352380637814876,2.4148145657226703,0.6470476127563023,4.5
6.0,-1.25,0.0,2.5,0.0,4.5
7.0,-1.2074072828613396,0.32352380637815426,2.4148145657226707,-0.6470476127563017,4.5
8.0,-1.082531754730545,0.6249999999999982,2.165063509461097,-1.2499999999999996,4.5
9.0,-0.8838834764831925,0.8838834764831925,1.7677669529663689,-1.7677669529663689,4.5
10.0,-0.6250000000000041,1.0825317547305426,1.2500000000000009,-2.1650635094610964,4.5
11.0,-0.3235238063781492,1.2074072828613405,0.6470476127563024,-2.4148145657226703,4.5
0.0,-6.123233995736839e-17,-1.0,1.5308084989341916e-16,2.5,4.6
1.0,-0.2588190451025245,-0.9659258262890725,0.6470476127563018,2.4148145657226707,4.6
2.0,-0.4999999999999982,-0.8660254037844354,1.2499999999999998,2.165063509461097,4.6
3.0,-0.7071067811865557,-0.7071067811865557,1.7677669529663689,1.7677669529663689,4.6
4.0,-0.8660254037844348,-0.5,2.1650635094610964,1.25,4.6
5.0,-0.9659258262890734,-0.2588190451025185,2.4148145657226703,0.6470476127563023,4.6
6.0,-1.0,0.0,2.5,0.0,4.6
7.0,-0.9659258262890725,0.25881904510252407,2.4148145657226707,-0.6470476127563017,4.6
8.0,-0.8660254037844354,0.4999999999999983,2.165063509461097,-1.2499999999999996,4.6
9.0,-0.7071067811865557,0.7071067811865557,1.7677669529663689,-1.7677669529663689,4.6
10.0,-0.500000000000004,0.866025403784433,1.2500000000000009,-2.1650635094610964,4.6
11.0,-0.25881904510251896,0.9659258262890734,0.6470476127563024,-2.4148145657226703,4.6
0.0,-4.592425496802647e-17,-0.75,1.5308084989341916e-16,2.5,4.7
1.0,-0.19411428382689433,-0.7244443697168055,0.6470476127563018,2.4148145657226707,4.7
2.0,-0.3749999999999982,-0.6495190528383257,1.2499999999999998,2.165063509461097,4.7
3.0,-0.5303300858899188,-0.5303300858899188,1.7677669529663689,1.7677669529663689,4.7
4.0,-0.6495190528383252,-0.375,2.1650635094610964,1.25,4.7
5.0,-0.7244443697168064,-0.19411428382688828,2.4148145657226703,0.6470476127563023,4.7
6.0,-0.75,0.0,2.5,0.0,4.7
7.0,-0.7244443697168055,0.19411428382689389,2.4148145657226707,-0.6470476127563017,4.7
8.0,-0.6495190528383257,0.37499999999999833,2.165063509461097,-1.2499999999999996,4.7
9.0,-0.5303300858899188,0.5303300858899188,1.7677669529663689,-1.7677669529663689,4.7
10.0,-0.3750000000000039,0.6495190528383235,1.2500000000000009,-2.1650635094610964,4.7
11.0,-0.19411428382688872,0.7244443697168064,0.6470476127563024,-2.4148145657226703,4.7
0.0,-3.061616997868455e-17,-0.5,1.5308084989341916e-16,2.5,4.8
1.0,-0.12940952255126414,-0.48296291314453843,0.6470476127563018,2.4148145657226707,4.8
2.0,-0.24999999999999822,-0.43301270189221597,1.2499999999999998,2.165063509461097,4.8
3.0,-0.35355339059328195,-0.35355339059328195,1.7677669529663689,1.7677669529663689,4.8
4.0,-0.4330127018922156,-0.25,2.1650635094610964,1.25,4.8
5.0,-0.4829629131445393,-0.12940952255125804,2.4148145657226703,0.6470476127563023,4.8
6.0,-0.5,0.0,2.5,0.0,4.8
7.0,-0.48296291314453843,0.1294095225512637,2.4148145657226707,-0.6470476127563017,4.8
8.0,-0.43301270189221597,0.2499999999999984,2.165063509461097,-1.2499999999999996,4.8
9.0,-0.35355339059328195,0.35355339059328195,1.7677669529663689,-1.7677669529663689,4.8
10.0,-0.2500000000000038,0.4330127018922138,1.2500000000000009,-2.1650635094610964,4.8
11.0,-0.12940952255125848,0.4829629131445393,0.6470476127563024,-2.4148145657226703,4.8
0.0,-1.5308084989342636e-17,-0.25,1.5308084989341916e-16,2.5,4.9
1.0,-0.06470476127563396,-0.24148145657227135,0.6470476127563018,2.4148145657226707,4.9
2.0,-0.12499999999999824,-0.21650635094610626,1.2499999999999998,2.165063509461097,4.9
3.0,-0.17677669529664505,-0.17677669529664505,1.7677669529663689,1.7677669529663689,4.9
4.0,-0.21650635094610593,-0.125,2.1650635094610964,1.25,4.9
5.0,-0.24148145657227227,-0.06470476127562781,2.4148145657226703,0.6470476127563023,4.9
6.0,-0.25,0.0,2.5,0.0,4.9
7.0,-0.24148145657227135,0.06470476127563353,2.4148145657226707,-0.6470476127563017,4.9
8.0,-0.21650635094610626,0.12499999999999843,2.165063509461097,-1.2499999999999996,4.9
9.0,-0.17677669529664505,0.17677669529664505,1.7677669529663689,-1.7677669529663689,4.9
10.0,-0.1250000000000037,0.21650635094610415,1.2500000000000009,-2.1650635094610964,4.9
11.0,-0.06470476127562824,0.24148145657227227,0.6470476127563024,-2.4148145657226703,4.9
0.0,-7.210681711785811e-31,0.0,1.5308084989341916e-16,2.5,5.0
1.0,-3.774758283725532e-15,-4.274358644806853e-15,0.6470476127563018,2.4148145657226707,5.0
2.0,1.7486012637846216e-15,3.4416913763379853e-15,1.2499999999999998,2.165063509461097,5.0
3.0,-8.1601392309949e-15,-8.1601392309949e-15,1.7677669529663689,1.7677669529663689,5.0
4.0,3.7192471324942744e-15,0.0,2.1650635094610964,1.25,5.0
5.0,-5.218048215738236e-15,2.4147350785597155e-15,2.4148145657226703,0.6470476127563023,5.0
6.0,0.0,0.0,2.5,0.0,5.0
7.0,-4.274358644806853e-15,3.3584246494910985e-15,2.4148145657226707,-0.6470476127563017,5.0
8.0,3.4416913763379853e-15,-1.5265566588595902e-15,2.165063509461097,-1.2499999999999996,5.0
9.0,-8.1601392309949e-15,8.1601392309949e-15,1.7677669529663689,-1.7677669529663689,5.0
10.0,-3.608224830031759e-15,-5.495603971894525e-15,1.2500000000000009,-2.1650635094610964,5.0
11.0,1.9984014443252818e-15,5.218048215738236e-15,0.6470476127563024,-2.4148145657226703,5.0
0.0,1.5308084989341194e-17,0.25,1.5308084989341916e-16,2.5,5.1
1.0,0.06470476127562641,0.2414814565722628,0.6470476127563018,2.4148145657226707,5.1
2.0,0.12500000000000172,0.21650635094611315,1.2499999999999998,2.165063509461097,5.1
3.0,0.17677669529662873,0.17677669529662873,1.7677669529663689,1.7677669529663689,5.1
4.0,0.21650635094611337,0.125,2.1650635094610964,1.25,5.1
5.0,0.24148145657226183,0.06470476127563264,2.4148145657226703,0.6470476127563023,5.1
6.0,0.25,0.0,2.5,0.0,5.1
7.0,0.2414814565722628,-0.06470476127562681,2.4148145657226707,-0.6470476127563017,5.1
8.0,0.21650635094611315,-0.1250000000000015,2.165063509461097,-1.2499999999999996,5.1
9.0,0.17677669529662873,-0.17677669529662873,1.7677669529663689,-1.7677669529663689,5.1
10.0,0.12499999999999648,-0.21650635094611514,1.2500000000000009,-2.1650635094610964,5.1
11.0,0.06470476127563224,-0.24148145657226183,0.6470476127563024,-2.4148145657226703,5.1
0.0,3.061616997868311e-17,0.5,1.5308084989341916e-16,2.5,5.2
1.0,0.1294095225512566,0.4829629131445299,0.6470476127563018,2.4148145657226707,5.2
2.0,0.2500000000000017,0.43301270189222285,1.2499999999999998,2.165063509461097,5.2
3.0,0.3535533905932656,0.3535533905932656,1.7677669529663689,1.7677669529663689,5.2
4.0,0.433012701892223,0.25,2.1650635094610964,1.25,5.2
5.0,0.4829629131445289,0.12940952255126287,2.4148145657226703,0.6470476127563023,5.2
6.0,0.5,0.0,2.5,0.0,5.2
7.0,0.4829629131445299,-0.12940952255125698,2.4148145657226707,-0.6470476127563017,5.2
8.0,0.43301270189222285,-0.25000000000000144,2.165063509461097,-1.2499999999999996,5.2
9.0,0.3535533905932656,-0.3535533905932656,1.7677669529663689,-1.7677669529663689,5.2
10.0,0.24999999999999656,-0.4330127018922248,1.2500000000000009,-2.1650635094610964,5.2
11.0,0.12940952255126248,-0.4829629131445289,0.6470476127563024,-2.4148145657226703,5.2
0.0,4.592425496802503e-17,0.75,1.5308084989341916e-16,2.5,5.3
1.0,0.19411428382688678,0.7244443697167969,0.6470476127563018,2.4148145657226707,5.3
2.0,0.3750000000000017,0.6495190528383326,1.2499999999999998,2.165063509461097,5.3
3.0,0.5303300858899025,0.5303300858899025,1.7677669529663689,1.7677669529663689,5.3
4.0,0.6495190528383327,0.375,2.1650635094610964,1.25,5.3
5.0,0.7244443697167959,0.1941142838268931,2.4148145657226703,0.6470476127563023,5.3
6.0,0.75,0.0,2.5,0.0,5.3
7.0,0.7244443697167969,-0.19411428382688717,2.4148145657226707,-0.6470476127563017,5.3
8.0,0.6495190528383326,-0.3750000000000014,2.165063509461097,-1.2499999999999996,5.3
9.0,0.5303300858899025,-0.5303300858899025,1.7677669529663689,-1.7677669529663689,5.3
10.0,0.37499999999999667,-0.6495190528383344,1.2500000000000009,-2.1650635094610964,5.3
11.0,0.19411428382689272,-0.7244443697167959,0.6470476127563024,-2.4148145657226703,5.3
0.0,6.123233995736695e-17,1.0,1.5308084989341916e-16,2.5,5.4
1.0,0.25881904510251696,0.965925826289064,0.6470476127563018,2.4148145657226707,5.4
2.0,0.5000000000000017,0.8660254037844423,1.2499999999999998,2.165063509461097,5.4
3.0,0.7071067811865394,0.7071067811865394,1.7677669529663689,1.7677669529663689,5.4
4.0,0.8660254037844424,0.5,2.1650635094610964,1.25,5.4
5.0,0.965925826289063,0.25881904510252335,2.4148145657226703,0.6470476127563023,5.4
6.0,1.0,0.0,2.5,0.0,5.4
7.0,0.965925826289064,-0.25881904510251735,2.4148145657226707,-0.6470476127563017,5.4
8.0,0.8660254037844423,-0.5000000000000013,2.165063509461097,-1.2499999999999996,5.4
9.0,0.7071067811865394,-0.7071067811865394,1.7677669529663689,-1.7677669529663689,5.4
10.0,0.4999999999999968,-0.8660254037844441,1.2500000000000009,-2.1650635094610964,5.4
11.0,0.25881904510252296,-0.965925826289063,0.6470476127563024,-2.4148145657226703,5.4
0.0,7.654042494670886e-17,1.25,1.5308084989341916e-16,2.5,5.5
1.0,0.32352380637814715,1.2074072828613311,0.6470476127563018,2.4148145657226707,5.5
2.0,0.6250000000000017,1.082531754730552,1.2499999999999998,2.165063509461097,5.5
3.0,0.8838834764831762,0.8838834764831762,1.7677669529663689,1.7677669529663689,5.5
4.0,1.082531754730552,0.625,2.1650635094610964,1.25,5.5
5.0,1.20740728286133,0.3235238063781536,2.4148145657226703,0.6470476127563023,5.5
6.0,1.25,0.0,2.5,0.0,5.5
7.0,1.2074072828613311,-0.32352380637814754,2.4148145657226707,-0.6470476127563017,5.5
8.0,1.082531754730552,-0.6250000000000013,2.165063509461097,-1.2499999999999996,5.5
9.0,0.8838834764831762,-0.8838834764831762,1.7677669529663689,-1.7677669529663689,5.5
10.0,0.6249999999999969,-1.0825317547305537,1.2500000000000009,-2.1650635094610964,5.5
11.0,0.3235238063781532,-1.20740728286133,0.6470476127563024,-2.4148145657226703,5.5
0.0,9.184850993605078e-17,1.5,1.5308084989341916e-16,2.5,5.6
1.0,0.38822856765377733,1.4488887394335983,0.6470476127563018,2.4148145657226707,5.6
2.0,0.7500000000000017,1.2990381056766616,1.2499999999999998,2.165063509461097,5.6
3.0,1.0606601717798132,1.0606601717798132,1.7677669529663689,1.7677669529663689,5.6
4.0,1.2990381056766616,0.75,2.1650635094610964,1.25,5.6
5.0,1.4488887394335972,0.38822856765378383,2.4148145657226703,0.6470476127563023,5.6
6.0,1.5,0.0,2.5,0.0,5.6
7.0,1.4488887394335983,-0.3882285676537777,2.4148145657226707,-0.6470476127563017,5.6
8.0,1.2990381056766616,-0.7500000000000013,2.165063509461097,-1.2499999999999996,5.6
9.0,1.0606601717798132,-1.0606601717798132,1.7677669529663689,-1.7677669529663689,5.6
10.0,0.749999999999997,-1.2990381056766633,1.2500000000000009,-2.1650635094610964,5.6
11.0,0.38822856765378344,-1.4488887394335972,0.6470476127563024,-2.4148145657226703,5.6
0.0,1.071565949253927e-16,1.75,1.5308084989341916e-16,2.5,5.7
1.0,0.4529333289294075,1.6903701960058655,0.6470476127563018,2.4148145657226707,5.7
2.0,0.8750000000000017,1.5155444566227714,1.2499999999999998,2.165063509461097,5.7
3.0,1.2374368670764502,1.2374368670764502,1.7677669529663689,1.7677669529663689,5.7
4.0,1.5155444566227712,0.875,2.1650635094610964,1.25,5.7
5.0,1.6903701960058641,0.45293332892941407,2.4148145657226703,0.6470476127563023,5.7
6.0,1.75,0.0,2.5,0.0,5.7
7.0,1.6903701960058655,-0.4529333289294079,2.4148145657226707,-0.6470476127563017,5.7
8.0,1.5155444566227714,-0.8750000000000013,2.165063509461097,-1.2499999999999996,5.7
9.0,1.2374368670764502,-1.2374368670764502,1.7677669529663689,-1.7677669529663689,5.7
10.0,0.8749999999999971,-1.515544456622773,1.2500000000000009,-2.1650635094610964,5.7
11.0,0.4529333289294137,-1.6903701960058641,0.6470476127563024,-2.4148145657226703,5.7
0.0,1.224646799147346e-16,2.0,1.5308084989341916e-16,2.5,5.8
1.0,0.5176380902050377,1.9318516525781326,0.6470476127563018,2.4148145657226707,5.8
2.0,1.0000000000000016,1.7320508075688812,1.2499999999999998,2.165063509461097,5.8
3.0,1.4142135623730872,1.4142135623730872,1.7677669529663689,1.7677669529663689,5.8
4.0,1.7320508075688807,1.0,2.1650635094610964,1.25,5.8
5.0,1.931851652578131,0.5176380902050443,2.4148145657226703,0.6470476127563023,5.8
6.0,2.0,0.0,2.5,0.0,5.8
7.0,1.9318516525781326,-0.517638090205038,2.4148145657226707,-0.6470476127563017,5.8
8.0,1.7320508075688812,-1.0000000000000013,2.165063509461097,-1.2499999999999996,5.8
9.0,1.4142135623730872,-1.4142135623730872,1.7677669529663689,-1.7677669529663689,5.8
10.0,0.9999999999999972,-1.7320508075688825,1.2500000000000009,-2.1650635094610964,5.8
11.0,0.5176380902050439,-1.931851652578131,0.6470476127563024,-2.4148145657226703,5.8
0.0,1.3777276490407652e-16,2.25,1.5308084989341916e-16,2.5,5.9
1.0,0.5823428514806679,2.1733331091504,0.6470476127563018,2.4148145657226707,5.9
2.0,1.1250000000000016,1.948557158514991,1.2499999999999998,2.165063509461097,5.9
3.0,1.5909902576697241,1.5909902576697241,1.7677669529663689,1.7677669529663689,5.9
4.0,1.9485571585149903,1.125,2.1650635094610964,1.25,5.9
5.0,2.173333109150398,0.5823428514806744,2.4148145657226703,0.6470476127563023,5.9
6.0,2.25,0.0,2.5,0.0,5.9
7.0,2.1733331091504,-0.5823428514806682,2.4148145657226707,-0.6470476127563017,5.9
8.0,1.948557158514991,-1.1250000000000013,2.165063509461097,-1.2499999999999996,5.9
9.0,1.5909902576697241,-1.5909902576697241,1.7677669529663689,-1.7677669529663689,5.9
10.0,1.1249999999999973,-1.9485571585149921,1.2500000000000009,-2.1650635094610964,5.9
11.0,0.5823428514806741,-2.173333109150398,0.6470476127563024,-2.4148145657226703,5.9
0.0,1.5308084989341844e-16,2.5,1.5308084989341916e-16,2.5,6.0
1.0,0.6470476127562981,2.4148145657226667,0.6470476127563018,2.4148145657226707,6.0
2.0,1.2500000000000016,2.165063509461101,1.2499999999999998,2.165063509461097,6.0
3.0,1.767766952966361,1.767766952966361,1.7677669529663689,1.7677669529663689,6.0
4.0,2.1650635094611,1.25,2.1650635094610964,1.25,6.0
5.0,2.414814565722665,0.6470476127563046,2.4148145657226703,0.6470476127563023,6.0
6.0,2.5,0.0,2.5,0.0,6.0
7.0,2.4148145657226667,-0.6470476127562984,2.4148145657226707,-0.6470476127563017,6.0
8.0,2.165063509461101,-1.2500000000000013,2.165063509461097,-1.2499999999999996,6.0
9.0,1.767766952966361,-1.767766952966361,1.7677669529663689,-1.7677669529663689,6.0
10.0,1.2499999999999973,-2.1650635094611017,1.2500000000000009,-2.1650635094610964,6.0
11.0,0.6470476127563043,-2.414814565722665,0.6470476127563024,-2.4148145657226703,6.0
0.0,1.6838893488276036e-16,2.75,1.5308084989341916e-16,2.5,6.1
1.0,0.7117523740319283,2.6562960222949337,0.6470476127563018,2.4148145657226707,6.1
2.0,1.3750000000000016,2.3815698604072106,1.2499999999999998,2.165063509461097,6.1
3.0,1.944543648262998,1.944543648262998,1.7677669529663689,1.7677669529663689,6.1
4.0,2.3815698604072097,1.375,2.1650635094610964,1.25,6.1
5.0,2.656296022294932,0.7117523740319348,2.4148145657226703,0.6470476127563023,6.1
6.0,2.75,0.0,2.5,0.0,6.1
7.0,2.6562960222949337,-0.7117523740319286,2.4148145657226707,-0.6470476127563017,6.1
8.0,2.3815698604072106,-1.3750000000000013,2.165063509461097,-1.2499999999999996,6.1
9.0,1.944543648262998,-1.944543648262998,1.7677669529663689,-1.7677669529663689,6.1
10.0,1.3749999999999973,-2.3815698604072115,1.2500000000000009,-2.1650635094610964,6.1
11.0,0.7117523740319345,-2.656296022294932,0.6470476127563024,-2.4148145657226703,6.1
0.0,1.8369701987210228e-16,3.0,1.5308084989341916e-16,2.5,6.2
1.0,0.7764571353075584,2.8977774788672006,0.6470476127563018,2.4148145657226707,6.2
2.0,1.5000000000000016,2.5980762113533205,1.2499999999999998,2.165063509461097,6.2
3.0,2.121320343559635,2.121320343559635,1.7677669529663689,1.7677669529663689,6.2
4.0,2.5980762113533196,1.5,2.1650635094610964,1.25,6.2
5.0,2.897777478867199,0.776457135307565,2.4148145657226703,0.6470476127563023,6.2
6.0,3.0,0.0,2.5,0.0,6.2
7.0,2.8977774788672006,-0.7764571353075588,2.4148145657226707,-0.6470476127563017,6.2
8.0,2.5980762113533205,-1.5000000000000013,2.165063509461097,-1.2499999999999996,6.2
9.0,2.121320343559635,-2.121320343559635,1.7677669529663689,-1.7677669529663689,6.2
10.0,1.4999999999999973,-2.5980762113533213,1.2500000000000009,-2.1650635094610964,6.2
11.0,0.7764571353075647,-2.897777478867199,0.6470476127563024,-2.4148145657226703,6.2
0.0,1.990051048614442e-16,3.25,1.5308084989341916e-16,2.5,6.3
1.0,0.8411618965831886,3.1392589354394675,0.6470476127563018,2.4148145657226707,6.3
2.0,1.6250000000000016,2.8145825622994303,1.2499999999999998,2.165063509461097,6.3
3.0,2.298097038856272,2.298097038856272,1.7677669529663689,1.7677669529663689,6.3
4.0,2.8145825622994294,1.625,2.1650635094610964,1.25,6.3
5.0,3.1392589354394658,0.8411618965831952,2.4148145657226703,0.6470476127563023,6.3
6.0,3.25,0.0,2.5,0.0,6.3
7.0,3.1392589354394675,-0.841161896583189,2.4148145657226707,-0.6470476127563017,6.3
8.0,2.8145825622994303,-1.6250000000000013,2.165063509461097,-1.2499999999999996,6.3
9.0,2.298097038856272,-2.298097038856272,1.7677669529663689,-1.7677669529663689,6.3
10.0,1.6249999999999973,-2.814582562299431,1.2500000000000009,-2.1650635094610964,6.3
11.0,0.8411618965831948,-3.1392589354394658,0.6470476127563024,-2.4148145657226703,6.3
0.0,2.1431318985078611e-16,3.5,1.5308084989341916e-16,2.5,6.4
1.0,0.9058666578588188,3.3807403920117345,0.6470476127563018,2.4148145657226707,6.4
2.0,1.7500000000000016,3.03108891324554,1.2499999999999998,2.165063509461097,6.4
3.0,2.474873734152909,2.474873734152909,1.7677669529663689,1.7677669529663689,6.4
4.0,3.031088913245539,1.75,2.1650635094610964,1.25,6.4
5.0,3.3807403920117327,0.9058666578588254,2.4148145657226703,0.6470476127563023,6.4
6.0,3.5,0.0,2.5,0.0,6.4
7.0,3.3807403920117345,-0.9058666578588191,2.4148145657226707,-0.6470476127563017,6.4
8.0,3.03108891324554,-1.7500000000000013,2.165063509461097,-1.2499999999999996,6.4
9.0,2.474873734152909,-2.474873734152909,1.7677669529663689,-1.7677669529663689,6.4
10.0,1.7499999999999973,-3.031088913245541,1.2500000000000009,-2.1650635094610964,6.4
11.0,0.905866657858825,-3.3807403920117327,0.6470476127563024,-2.4148145657226703,6.4
0.0,2.29621274840128e-16,3.75,1.5308084989341916e-16,2.5,6.5
1.0,0.970571419134449,3.6222218485840014,0.6470476127563018,2.4148145657226707,6.5
2.0,1.8750000000000016,3.24759526419165,1.2499999999999998,2.165063509461097,6.5
3.0,2.6516504294495458,2.6516504294495458,1.7677669529663689,1.7677669529663689,6.5
4.0,3.247595264191649,1.875,2.1650635094610964,1.25,6.5
5.0,3.6222218485839996,0.9705714191344555,2.4148145657226703,0.6470476127563023,6.5
6.0,3.75,0.0,2.5,0.0,6.5
7.0,3.6222218485840014,-0.9705714191344493,2.4148145657226707,-0.6470476127563017,6.5
8.0,3.24759526419165,-1.8750000000000013,2.165063509461097,-1.2499999999999996,6.5
9.0,2.6516504294495458,-2.6516504294495458,1.7677669529663689,-1.7677669529663689,6.5
10.0,1.8749999999999973,-3.247595264191651,1.2500000000000009,-2.1650635094610964,6.5
11.0,0.9705714191344552,-3.6222218485839996,0.6470476127563024,-2.4148145657226703,6.5
0.0,2.449293598294699e-16,4.0,1.5308084989341916e-16,2.5,6.6
1.0,1.0352761804100792,3.8637033051562684,0.6470476127563018,2.4148145657226707,6.6
2.0,2.0000000000000013,3.4641016151377597,1.2499999999999998,2.165063509461097,6.6
3.0,2.8284271247461827,2.8284271247461827,1.7677669529663689,1.7677669529663689,6.6
4.0,3.464101615137759,2.0,2.1650635094610964,1.25,6.6
5.0,3.8637033051562666,1.0352761804100858,2.4148145657226703,0.6470476127563023,6.6
6.0,4.0,0.0,2.5,0.0,6.6
7.0,3.8637033051562684,-1.0352761804100794,2.4148145657226707,-0.6470476127563017,6.6
8.0,3.4641016151377597,-2.0000000000000013,2.165063509461097,-1.2499999999999996,6.6
9.0,2.8284271247461827,-2.8284271247461827,1.7677669529663689,-1.7677669529663689,6.6
10.0,1.9999999999999973,-3.4641016151377606,1.2500000000000009,-2.1650635094610964,6.6
11.0,1.0352761804100854,-3.8637033051562666,0.6470476127563024,-2.4148145657226703,6.6
0.0,2.602374448188118e-16,4.25,1.5308084989341916e-16,2.5,6.7
1.0,1.0999809416857094,4.105184761728536,0.6470476127563018,2.4148145657226707,6.7
2.0,2.1250000000000013,3.6806079660838695,1.2499999999999998,2.165063509461097,6.7
3.0,3.0052038200428197,3.0052038200428197,1.7677669529663689,1.7677669529663689,6.7
4.0,3.6806079660838686,2.125,2.1650635094610964,1.25,6.7
5.0,4.105184761728534,1.099980941685716,2.4148145657226703,0.6470476127563023,6.7
6.0,4.25,0.0,2.5,0.0,6.7
7.0,4.105184761728536,-1.0999809416857096,2.4148145657226707,-0.6470476127563017,6.7
8.0,3.6806079660838695,-2.1250000000000013,2.165063509461097,-1.2499999999999996,6.7
9.0,3.0052038200428197,-3.0052038200428197,1.7677669529663689,-1.7677669529663689,6.7
10.0,2.1249999999999973,-3.6806079660838704,1.2500000000000009,-2.1650635094610964,6.7
11.0,1.0999809416857156,-4.105184761728534,0.6470476127563024,-2.4148145657226703,6.7
0.0,2.755455298081537e-16,4.5,1.5308084989341916e-16,2.5,6.8
1.0,1.1646857029613396,4.346666218300803,0.6470476127563018,2.4148145657226707,6.8
2.0,2.2500000000000013,3.8971143170299793,1.2499999999999998,2.165063509461097,6.8
3.0,3.1819805153394567,3.1819805153394567,1.7677669529663689,1.7677669529663689,6.8
4.0,3.8971143170299785,2.25,2.1650635094610964,1.25,6.8
5.0,4.346666218300801,1.1646857029613462,2.4148145657226703,0.6470476127563023,6.8
6.0,4.5,0.0,2.5,0.0,6.8
7.0,4.346666218300803,-1.1646857029613398,2.4148145657226707,-0.6470476127563017,6.8
8.0,3.8971143170299793,-2.2500000000000013,2.165063509461097,-1.2499999999999996,6.8
9.0,3.1819805153394567,-3.1819805153394567,1.7677669529663689,-1.7677669529663689,6.8
10.0,2.2499999999999973,-3.8971143170299802,1.2500000000000009,-2.1650635094610964,6.8
11.0,1.1646857029613458,-4.346666218300801,0.6470476127563024,-2.4148145657226703,6.8
0.0,2.908536147974956e-16,4.75,1.5308084989341916e-16,2.5,6.9
1.0,1.2293904642369697,4.5881476748730705,0.6470476127563018,2.4148145657226707,6.9
2.0,2.3750000000000013,4.113620667976089,1.2499999999999998,2.165063509461097,6.9
3.0,3.3587572106360937,3.3587572106360937,1.7677669529663689,1.7677669529663689,6.9
4.0,4.113620667976088,2.375,2.1650635094610964,1.25,6.9
5.0,4.588147674873069,1.2293904642369764,2.4148145657226703,0.6470476127563023,6.9
6.0,4.75,0.0,2.5,0.0,6.9
7.0,4.5881476748730705,-1.22939046423697,2.4148145657226707,-0.6470476127563017,6.9
8.0,4.113620667976089,-2.3750000000000013,2.165063509461097,-1.2499999999999996,6.9
9.0,3.3587572106360937,-3.3587572106360937,1.7677669529663689,-1.7677669529663689,6.9
10.0,2.3749999999999973,-4.11362066797609,1.2500000000000009,-2.1650635094610964,6.9
11.0,1.229390464236976,-4.588147674873069,0.6470476127563024,-2.4148145657226703,6.9
0.0,3.061616997868375e-16,5.0,1.5308084989341916e-16,2.5,7.0
1.0,1.2940952255126,4.829629131445338,0.6470476127563018,2.4148145657226707,7.0
2.0,2.5000000000000013,4.330127018922198,1.2499999999999998,2.165063509461097,7.0
3.0,3.5355339059327306,3.5355339059327306,1.7677669529663689,1.7677669529663689,7.0
4.0,4.330127018922197,2.5,2.1650635094610964,1.25,7.0
5.0,4.829629131445336,1.2940952255126066,2.4148145657226703,0.6470476127563023,7.0
6.0,5.0,0.0,2.5,0.0,7.0
7.0,4.829629131445338,-1.2940952255126001,2.4148145657226707,-0.6470476127563017,7.0
8.0,4.330127018922198,-2.5000000000000013,2.165063509461097,-1.2499999999999996,7.0
9.0,3.5355339059327306,-3.5355339059327306,1.7677669529663689,-1.7677669529663689,7.0
10.0,2.4999999999999973,-4.330127018922199,1.2500000000000009,-2.1650635094610964,7.0
11.0,1.2940952255126061,-4.829629131445336,0.6470476127563024,-2.4148145657226703,7.0
0.0,3.2146978477617937e-16,5.25,1.5308084989341916e-16,2.5,7.1
1.0,1.35879998678823,5.071110588017605,0.6470476127563018,2.4148145657226707,7.1
2.0,2.6250000000000013,4.5466333698683075,1.2499999999999998,2.165063509461097,7.1
3.0,3.7123106012293676,3.7123106012293676,1.7677669529663689,1.7677669529663689,7.1
4.0,4.546633369868307,2.625,2.1650635094610964,1.25,7.1
5.0,5.0711105880176035,1.3587999867882368,2.4148145657226703,0.6470476127563023,7.1
6.0,5.25,0.0,2.5,0.0,7.1
7.0,5.071110588017605,-1.3587999867882303,2.4148145657226707,-0.6470476127563017,7.1
8.0,4.5466333698683075,-2.6250000000000013,2.165063509461097,-1.2499999999999996,7.1
9.0,3.7123106012293676,-3.7123106012293676,1.7677669529663689,-1.7677669529663689,7.1
10.0,2.6249999999999973,-4.546633369868308,1.2500000000000009,-2.1650635094610964,7.1
11.0,1.3587999867882363,-5.0711105880176035,0.6470476127563024,-2.4148145657226703,7.1
0.0,3.3677786976552126e-16,5.5,1.5308084989341916e-16,2.5,7.2
1.0,1.4235047480638603,5.312592044589873,0.6470476127563018,2.4148145657226707,7.2
2.0,2.7500000000000013,4.763139720814417,1.2499999999999998,2.165063509461097,7.2
3.0,3.8890872965260046,3.8890872965260046,1.7677669529663689,1.7677669529663689,7.2
4.0,4.763139720814416,2.75,2.1650635094610964,1.25,7.2
5.0,5.312592044589871,1.423504748063867,2.4148145657226703,0.6470476127563023,7.2
6.0,5.5,0.0,2.5,0.0,7.2
7.0,5.312592044589873,-1.4235047480638605,2.4148145657226707,-0.6470476127563017,7.2
8.0,4.763139720814417,-2.7500000000000013,2.165063509461097,-1.2499999999999996,7.2
9.0,3.8890872965260046,-3.8890872965260046,1.7677669529663689,-1.7677669529663689,7.2
10.0,2.7499999999999973,-4.763139720814418,1.2500000000000009,-2.1650635094610964,7.2
11.0,1.4235047480638665,-5.312592044589871,0.6470476127563024,-2.4148145657226703,7.2
0.0,3.5208595475486316e-16,5.75,1.5308084989341916e-16,2.5,7.3
1.0,1.4882095093394905,5.55407350116214,0.6470476127563018,2.4148145657226707,7.3
2.0,2.8750000000000013,4.979646071760526,1.2499999999999998,2.165063509461097,7.3
3.0,4.065863991822641,4.065863991822641,1.7677669529663689,1.7677669529663689,7.3
4.0,4.979646071760525,2.875,2.1650635094610964,1.25,7.3
5.0,5.554073501162138,1.4882095093394971,2.4148145657226703,0.6470476127563023,7.3
6.0,5.75,0.0,2.5,0.0,7.3
7.0,5.55407350116214,-1.4882095093394907,2.4148145657226707,-0.6470476127563017,7.3
8.0,4.979646071760526,-2.8750000000000013,2.165063509461097,-1.2499999999999996,7.3
9.0,4.065863991822641,-4.065863991822641,1.7677669529663689,-1.7677669529663689,7.3
10.0,2.8749999999999973,-4.979646071760527,1.2500000000000009,-2.1650635094610964,7.3
11.0,1.4882095093394967,-5.554073501162138,0.6470476127563024,-2.4148145657226703,7.3
0.0,3.6739403974420505e-16,6.0,1.5308084989341916e-16,2.5,7.4
1.0,1.5529142706151207,5.795554957734407,0.6470476127563018,2.4148145657226707,7.4
2.0,3.0000000000000013,5.196152422706636,1.2499999999999998,2.165063509461097,7.4
3.0,4.242640687119278,4.242640687119278,1.7677669529663689,1.7677669529663689,7.4
4.0,5.196152422706635,3.0,2.1650635094610964,1.25,7.4
5.0,5.795554957734406,1.5529142706151273,2.4148145657226703,0.6470476127563023,7.4
6.0,6.0,0.0,2.5,0.0,7.4
7.0,5.795554957734407,-1.5529142706151209,2.4148145657226707,-0.6470476127563017,7.4
8.0,5.196152422706636,-3.0000000000000013,2.165063509461097,-1.2499999999999996,7.4
9.0,4.242640687119278,-4.242640687119278,1.7677669529663689,-1.7677669529663689,7.4
10.0,2.9999999999999973,-5.1961524227066365,1.2500000000000009,-2.1650635094610964,7.4
11.0,1.5529142706151269,-5.795554957734406,0.6470476127563024,-2.4148145657226703,7.4
0.0,3.8270212473354694e-16,6.25,1.5308084989341916e-16,2.5,7.5
1.0,1.6176190318907508,6.037036414306675,0.6470476127563018,2.4148145657226707,7.5
2.0,3.1250000000000013,5.412658773652745,1.2499999999999998,2.165063509461097,7.5
3.0,4.419417382415914,4.419417382415914,1.7677669529663689,1.7677669529663689,7.5
4.0,5.412658773652744,3.125,2.1650635094610964,1.25,7.5
5.0,6.037036414306673,1.6176190318907575,2.4148145657226703,0.6470476127563023,7.5
6.0,6.25,0.0,2.5,0.0,7.5
7.0,6.037036414306675,-1.617619031890751,2.4148145657226707,-0.6470476127563017,7.5
8.0,5.412658773652745,-3.1250000000000013,2.165063509461097,-1.2499999999999996,7.5
9.0,4.419417382415914,-4.419417382415914,1.7677669529663689,-1.7677669529663689,7.5
10.0,3.1249999999999973,-5.412658773652746,1.2500000000000009,-2.1650635094610964,7.5
11.0,1.617619031890757,-6.037036414306673,0.6470476127563024,-2.4148145657226703,7.5
0.0,3.9801020972288884e-16,6.5,1.5308084989341916e-16,2.5,7.6
1.0,1.682323793166381,6.278517870878942,0.6470476127563018,2.4148145657226707,7.6
2.0,3.2500000000000013,5.629165124598854,1.2499999999999998,2.165063509461097,7.6
3.0,4.596194077712551,4.596194077712551,1.7677669529663689,1.7677669529663689,7.6
4.0,5.629165124598853,3.25,2.1650635094610964,1.25,7.6
5.0,6.27851787087894,1.6823237931663877,2.4148145657226703,0.6470476127563023,7.6
6.0,6.5,0.0,2.5,0.0,7.6
7.0,6.278517870878942,-1.6823237931663813,2.4148145657226707,-0.6470476127563017,7.6
8.0,5.629165124598854,-3.2500000000000013,2.165063509461097,-1.2499999999999996,7.6
9.0,4.596194077712551,-4.596194077712551,1.7677669529663689,-1.7677669529663689,7.6
10.0,3.2499999999999973,-5.629165124598855,1.2500000000000009,-2.1650635094610964,7.6
11.0,1.6823237931663872,-6.27851787087894,0.6470476127563024,-2.4148145657226703,7.6
0.0,4.1331829471223073e-16,6.75,1.5308084989341916e-16,2.5,7.7
1.0,1.7470285544420112,6.51999932745121,0.6470476127563018,2.4148145657226707,7.7
2.0,3.3750000000000013,5.845671475544964,1.2499999999999998,2.165063509461097,7.7
3.0,4.772970773009187,4.772970773009187,1.7677669529663689,1.7677669529663689,7.7
4.0,5.845671475544963,3.375,2.1650635094610964,1.25,7.7
5.0,6.519999327451208,1.7470285544420179,2.4148145657226703,0.6470476127563023,7.7
6.0,6.75,0.0,2.5,0.0,7.7
7.0,6.51999932745121,-1.7470285544420114,2.4148145657226707,-0.6470476127563017,7.7
8.0,5.845671475544964,-3.3750000000000013,2.165063509461097,-1.2499999999999996,7.7
9.0,4.772970773009187,-4.772970773009187,1.7677669529663689,-1.7677669529663689,7.7
10.0,3.3749999999999973,-5.845671475544965,1.2500000000000009,-2.1650635094610964,7.7
11.0,1.7470285544420174,-6.519999327451208,0.6470476127563024,-2.4148145657226703,7.7
0.0,4.286263797015726e-16,7.0,1.5308084989341916e-16,2.5,7.8
1.0,1.8117333157176414,6.761480784023477,0.6470476127563018,2.4148145657226707,7.8
2.0,3.5000000000000013,6.062177826491073,1.2499999999999998,2.165063509461097,7.8
3.0,4.949747468305824,4.949747468305824,1.7677669529663689,1.7677669529663689,7.8
4.0,6.062177826491072,3.5,2.1650635094610964,1.25,7.8
5.0,6.761480784023475,1.811733315717648,2.4148145657226703,0.6470476127563023,7.8
6.0,7.0,0.0,2.5,0.0,7.8
7.0,6.761480784023477,-1.8117333157176416,2.4148145657226707,-0.6470476127563017,7.8
8.0,6.062177826491073,-3.5000000000000013,2.165063509461097,-1.2499999999999996,7.8
9.0,4.949747468305824,-4.949747468305824,1.7677669529663689,-1.7677669529663689,7.8
10.0,3.4999999999999973,-6.062177826491074,1.2500000000000009,-2.1650635094610964,7.8
11.0,1.8117333157176476,-6.761480784023475,0.6470476127563024,-2.4148145657226703,7.8
0.0,4.439344646909145e-16,7.25,1.5308084989341916e-16,2.5,7.9
1.0,1.8764380769932716,7.002962240595744,0.6470476127563018,2.4148145657226707,7.9
2.0,3.6250000000000013,6.278684177437182,1.2499999999999998,2.165063509461097,7.9
3.0,5.12652416360246,5.12652416360246,1.7677669529663689,1.7677669529663689,7.9
4.0,6.2786841774371815,3.625,2.1650635094610964,1.25,7.9
5.0,7.002962240595743,1.8764380769932782,2.4148145657226703,0.6470476127563023,7.9
6.0,7.25,0.0,2.5,0.0,7.9
7.0,7.002962240595744,-1.8764380769932718,2.4148145657226707,-0.6470476127563017,7.9
8.0,6.278684177437182,-3.6250000000000013,2.165063509461097,-1.2499999999999996,7.9
9.0,5.12652416360246,-5.12652416360246,1.7677669529663689,-1.7677669529663689,7.9
10.0,3.6249999999999973,-6.278684177437183,1.2500000000000009,-2.1650635094610964,7.9
11.0,1.8764380769932778,-7.002962240595743,0.6470476127563024,-2.4148145657226703,7.9
0.0,4.592425496802564e-16,7.5,1.5308084989341916e-16,2.5,8.0
1.0,1.9411428382689018,7.244443697168012,0.6470476127563018,2.4148145657226707,8.0
2.0,3.7500000000000013,6.495190528383292,1.2499999999999998,2.165063509461097,8.0
3.0,5.303300858899097,5.303300858899097,1.7677669529663689,1.7677669529663689,8.0
4.0,6.495190528383291,3.75,2.1650635094610964,1.25,8.0
5.0,7.24444369716801,1.9411428382689084,2.4148145657226703,0.6470476127563023,8.0
6.0,7.5,0.0,2.5,0.0,8.0
7.0,7.244443697168012,-1.941142838268902,2.4148145657226707,-0.6470476127563017,8.0
8.0,6.495190528383292,-3.7500000000000013,2.165063509461097,-1.2499999999999996,8.0
9.0,5.303300858899097,-5.303300858899097,1.7677669529663689,-1.7677669529663689,8.0
10.0,3.7499999999999973,-6.495190528383293,1.2500000000000009,-2.1650635094610964,8.0
11.0,1.941142838268908,-7.24444369716801,0.6470476127563024,-2.4148145657226703,8.0
0.0,4.745506346695983e-16,7.75,1.5308084989341916e-16,2.5,8.1
1.0,2.005847599544532,7.485925153740279,0.6470476127563018,2.4148145657226707,8.1
2.0,3.8750000000000013,6.711696879329401,1.2499999999999998,2.165063509461097,8.1
3.0,5.480077554195733,5.480077554195733,1.7677669529663689,1.7677669529663689,8.1
4.0,6.7116968793294,3.875,2.1650635094610964,1.25,8.1
5.0,7.485925153740277,2.0058475995445386,2.4148145657226703,0.6470476127563023,8.1
6.0,7.75,0.0,2.5,0.0,8.1
7.0,7.485925153740279,-2.005847599544532,2.4148145657226707,-0.6470476127563017,8.1
8.0,6.711696879329401,-3.8750000000000013,2.165063509461097,-1.2499999999999996,8.1
9.0,5.480077554195733,-5.480077554195733,1.7677669529663689,-1.7677669529663689,8.1
10.0,3.8749999999999973,-6.711696879329402,1.2500000000000009,-2.1650635094610964,8.1
11.0,2.005847599544538,-7.485925153740277,0.6470476127563024,-2.4148145657226703,8.1
0.0,4.898587196589402e-16,8.0,1.5308084989341916e-16,2.5,8.2
1.0,2.0705523608201624,7.7274066103125465,0.6470476127563018,2.4148145657226707,8.2
2.0,4.000000000000001,6.9282032302755105,1.2499999999999998,2.165063509461097,8.2
3.0,5.65685424949237,5.65685424949237,1.7677669529663689,1.7677669529663689,8.2
4.0,6.92820323027551,4.0,2.1650635094610964,1.25,8.2
5.0,7.727406610312545,2.070552360820169,2.4148145657226703,0.6470476127563023,8.2
6.0,8.0,0.0,2.5,0.0,8.2
7.0,7.7274066103125465,-2.070552360820162,2.4148145657226707,-0.6470476127563017,8.2
8.0,6.9282032302755105,-4.000000000000001,2.165063509461097,-1.2499999999999996,8.2
9.0,5.65685424949237,-5.65685424949237,1.7677669529663689,-1.7677669529663689,8.2
10.0,3.9999999999999973,-6.928203230275511,1.2500000000000009,-2.1650635094610964,8.2
11.0,2.0705523608201686,-7.727406610312545,0.6470476127563024,-2.4148145657226703,8.2
0.0,5.051668046482821e-16,8.25,1.5308084989341916e-16,2.5,8.3
1.0,2.1352571220957923,7.968888066884814,0.6470476127563018,2.4148145657226707,8.3
2.0,4.125000000000001,7.14470958122162,1.2499999999999998,2.165063509461097,8.3
3.0,5.8336309447890065,5.8336309447890065,1.7677669529663689,1.7677669529663689,8.3
4.0,7.144709581221619,4.125,2.1650635094610964,1.25,8.3
5.0,7.968888066884812,2.1352571220957994,2.4148145657226703,0.6470476127563023,8.3
6.0,8.25,0.0,2.5,0.0,8.3
7.0,7.968888066884814,-2.135257122095792,2.4148145657226707,-0.6470476127563017,8.3
8.0,7.14470958122162,-4.125000000000001,2.165063509461097,-1.2499999999999996,8.3
9.0,5.8336309447890065,-5.8336309447890065,1.7677669529663689,-1.7677669529663689,8.3
10.0,4.124999999999997,-7.144709581221621,1.2500000000000009,-2.1650635094610964,8.3
11.0,2.135257122095799,-7.968888066884812,0.6470476127563024,-2.4148145657226703,8.3
0.0,5.20474889637624e-16,8.5,1.5308084989341916e-16,2.5,8.4
1.0,2.1999618833714223,8.21036952345708,0.6470476127563018,2.4148145657226707,8.4
2.0,4.250000000000001,7.361215932167729,1.2499999999999998,2.165063509461097,8.4
3.0,6.010407640085643,6.010407640085643,1.7677669529663689,1.7677669529663689,8.4
4.0,7.361215932167728,4.25,2.1650635094610964,1.25,8.4
5.0,8.210369523457079,2.19996188337143,2.4148145657226703,0.6470476127563023,8.4
6.0,8.5,0.0,2.5,0.0,8.4
7.0,8.21036952345708,-2.199961883371422,2.4148145657226707,-0.6470476127563017,8.4
8.0,7.361215932167729,-4.250000000000001,2.165063509461097,-1.2499999999999996,8.4
9.0,6.010407640085643,-6.010407640085643,1.7677669529663689,-1.7677669529663689,8.4
10.0,4.249999999999997,-7.36121593216773,1.2500000000000009,-2.1650635094610964,8.4
11.0,2.1999618833714294,-8.210369523457079,0.6470476127563024,-2.4148145657226703,8.4
0.0,5.357829746269659e-16,8.75,1.5308084989341916e-16,2.5,8.5
1.0,2.2646666446470523,8.451850980029347,0.6470476127563018,2.4148145657226707,8.5
2.0,4.375000000000001,7.577722283113839,1.2499999999999998,2.165063509461097,8.5
3.0,6.1871843353822795,6.1871843353822795,1.7677669529663689,1.7677669529663689,8.5
4.0,7.577722283113838,4.375,2.1650635094610964,1.25,8.5
5.0,8.451850980029345,2.2646666446470602,2.4148145657226703,0.6470476127563023,8.5
6.0,8.75,0.0,2.5,0.0,8.5
7.0,8.451850980029347,-2.264666644647052,2.4148145657226707,-0.6470476127563017,8.5
8.0,7.577722283113839,-4.375000000000001,2.165063509461097,-1.2499999999999996,8.5
9.0,6.1871843353822795,-6.1871843353822795,1.7677669529663689,-1.7677669529663689,8.5
10.0,4.374999999999997,-7.5777222831138396,1.2500000000000009,-2.1650635094610964,8.5
11.0,2.26466664464706,-8.451850980029345,0.6470476127563024,-2.4148145657226703,8.5
0.0,5.510910596163078e-16,9.0,1.5308084989341916e-16,2.5,8.6
1.0,2.329371405922682,8.693332436601613,0.6470476127563018,2.4148145657226707,8.6
2.0,4.500000000000001,7.794228634059948,1.2499999999999998,2.165063509461097,8.6
3.0,6.363961030678916,6.363961030678916,1.7677669529663689,1.7677669529663689,8.6
4.0,7.794228634059947,4.5,2.1650635094610964,1.25,8.6
5.0,8.693332436601612,2.3293714059226907,2.4148145657226703,0.6470476127563023,8.6
6.0,9.0,0.0,2.5,0.0,8.6
7.0,8.693332436601613,-2.3293714059226818,2.4148145657226707,-0.6470476127563017,8.6
8.0,7.794228634059948,-4.500000000000001,2.165063509461097,-1.2499999999999996,8.6
9.0,6.363961030678916,-6.363961030678916,1.7677669529663689,-1.7677669529663689,8.6
10.0,4.499999999999997,-7.794228634059949,1.2500000000000009,-2.1650635094610964,8.6
11.0,2.32937140592269,-8.693332436601612,0.6470476127563024,-2.4148145657226703,8.6
0.0,5.663991446056497e-16,9.25,1.5308084989341916e-16,2.5,8.7
1.0,2.394076167198312,8.93481389317388,0.6470476127563018,2.4148145657226707,8.7
2.0,4.625000000000001,8.010734985006058,1.2499999999999998,2.165063509461097,8.7
3.0,6.540737725975553,6.540737725975553,1.7677669529663689,1.7677669529663689,8.7
4.0,8.010734985006057,4.625,2.1650635094610964,1.25,8.7
5.0,8.934813893173878,2.394076167198321,2.4148145657226703,0.6470476127563023,8.7
6.0,9.25,0.0,2.5,0.0,8.7
7.0,8.93481389317388,-2.3940761671983117,2.4148145657226707,-0.6470476127563017,8.7
8.0,8.010734985006058,-4.625000000000001,2.165063509461097,-1.2499999999999996,8.7
9.0,6.540737725975553,-6.540737725975553,1.7677669529663689,-1.7677669529663689,8.7
10.0,4.624999999999997,-8.010734985006058,1.2500000000000009,-2.1650635094610964,8.7
11.0,2.3940761671983206,-8.934813893173878,0.6470476127563024,-2.4148145657226703,8.7
0.0,5.817072295949916e-16,9.5,1.5308084989341916e-16,2.5,8.8
1.0,2.458780928473942,9.176295349746146,0.6470476127563018,2.4148145657226707,8.8
2.0,4.750000000000001,8.227241335952169,1.2499999999999998,2.165063509461097,8.8
3.0,6.717514421272189,6.717514421272189,1.7677669529663689,1.7677669529663689,8.8
4.0,8.227241335952167,4.75,2.1650635094610964,1.25,8.8
5.0,9.176295349746145,2.4587809284739515,2.4148145657226703,0.6470476127563023,8.8
6.0,9.5,0.0,2.5,0.0,8.8
7.0,9.176295349746146,-2.4587809284739417,2.4148145657226707,-0.6470476127563017,8.8
8.0,8.227241335952169,-4.750000000000001,2.165063509461097,-1.2499999999999996,8.8
9.0,6.717514421272189,-6.717514421272189,1.7677669529663689,-1.7677669529663689,8.8
10.0,4.749999999999997,-8.227241335952169,1.2500000000000009,-2.1650635094610964,8.8
11.0,2.458780928473951,-9.176295349746145,0.6470476127563024,-2.4148145657226703,8.8
0.0,5.970153145843335e-16,9.75,1.5308084989341916e-16,2.5,8.9
1.0,2.523485689749572,9.417776806318413,0.6470476127563018,2.4148145657226707,8.9
2.0,4.875000000000001,8.443747686898279,1.2499999999999998,2.165063509461097,8.9
3.0,6.894291116568826,6.894291116568826,1.7677669529663689,1.7677669529663689,8.9
4.0,8.443747686898277,4.875,2.1650635094610964,1.25,8.9
5.0,9.417776806318411,2.523485689749582,2.4148145657226703,0.6470476127563023,8.9
6.0,9.75,0.0,2.5,0.0,8.9
7.0,9.417776806318413,-2.5234856897495717,2.4148145657226707,-0.6470476127563017,8.9
8.0,8.443747686898279,-4.875000000000001,2.165063509461097,-1.2499999999999996,8.9
9.0,6.894291116568826,-6.894291116568826,1.7677669529663689,-1.7677669529663689,8.9
10.0,4.874999999999997,-8.443747686898279,1.2500000000000009,-2.1650635094610964,8.9
11.0,2.5234856897495814,-9.417776806318411,0.6470476127563024,-2.4148145657226703,8.9
0.0,6.123233995736753e-16,10.0,1.5308084989341916e-16,2.5,9.0
1.0,2.588190451025202,9.65925826289068,0.6470476127563018,2.4148145657226707,9.0
2.0,5.000000000000001,8.660254037844389,1.2499999999999998,2.165063509461097,9.0
3.0,7.071067811865462,7.071067811865462,1.7677669529663689,1.7677669529663689,9.0
4.0,8.660254037844387,5.0,2.1650635094610964,1.25,9.0
5.0,9.659258262890678,2.5881904510252123,2.4148145657226703,0.6470476127563023,9.0
6.0,10.0,0.0,2.5,0.0,9.0
7.0,9.65925826289068,-2.5881904510252016,2.4148145657226707,-0.6470476127563017,9.0
8.0,8.660254037844389,-5.000000000000001,2.165063509461097,-1.2499999999999996,9.0
9.0,7.071067811865462,-7.071067811865462,1.7677669529663689,-1.7677669529663689,9.0
10.0,4.999999999999997,-8.660254037844389,1.2500000000000009,-2.1650635094610964,9.0
11.0,2.588190451025212,-9.659258262890678,0.6470476127563024,-2.4148145657226703,9.0
0.0,6.276314845630172e-16,10.25,1.5308084989341916e-16,2.5,9.1
1.0,2.652895212300832,9.900739719462946,0.6470476127563018,2.4148145657226707,9.1
2.0,5.125000000000001,8.8767603887905,1.2499999999999998,2.165063509461097,9.1
3.0,7.247844507162099,7.247844507162099,1.7677669529663689,1.7677669529663689,9.1
4.0,8.876760388790498,5.125,2.1650635094610964,1.25,9.1
5.0,9.900739719462944,2.6528952123008427,2.4148145657226703,0.6470476127563023,9.1
6.0,10.25,0.0,2.5,0.0,9.1
7.0,9.900739719462946,-2.6528952123008316,2.4148145657226707,-0.6470476127563017,9.1
8.0,8.8767603887905,-5.125000000000001,2.165063509461097,-1.2499999999999996,9.1
9.0,7.247844507162099,-7.247844507162099,1.7677669529663689,-1.7677669529663689,9.1
10.0,5.124999999999997,-8.8767603887905,1.2500000000000009,-2.1650635094610964,9.1
11.0,2.6528952123008422,-9.900739719462944,0.6470476127563024,-2.4148145657226703,9.1
0.0,6.429395695523591e-16,10.5,1.5308084989341916e-16,2.5,9.2
1.0,2.717599973576462,10.142221176035212,0.6470476127563018,2.4148145657226707,9.2
2.0,5.250000000000001,9.09326673973661,1.2499999999999998,2.165063509461097,9.2
3.0,7.424621202458735,7.424621202458735,1.7677669529663689,1.7677669529663689,9.2
4.0,9.093266739736608,5.25,2.1650635094610964,1.25,9.2
5.0,10.14222117603521,2.717599973576473,2.4148145657226703,0.6470476127563023,9.2
6.0,10.5,0.0,2.5,0.0,9.2
7.0,10.142221176035212,-2.7175999735764615,2.4148145657226707,-0.6470476127563017,9.2
8.0,9.09326673973661,-5.250000000000001,2.165063509461097,-1.2499999999999996,9.2
9.0,7.424621202458735,-7.424621202458735,1.7677669529663689,-1.7677669529663689,9.2
10.0,5.249999999999997,-9.09326673973661,1.2500000000000009,-2.1650635094610964,9.2
11.0,2.7175999735764726,-10.14222117603521,0.6470476127563024,-2.4148145657226703,9.2
0.0,6.58247654541701e-16,10.75,1.5308084989341916e-16,2.5,9.3
1.0,2.782304734852092,10.383702632607479,0.6470476127563018,2.4148145657226707,9.3
2.0,5.375000000000001,9.30977309068272,1.2499999999999998,2.165063509461097,9.3
3.0,7.601397897755372,7.601397897755372,1.7677669529663689,1.7677669529663689,9.3
4.0,9.309773090682718,5.375,2.1650635094610964,1.25,9.3
5.0,10.383702632607477,2.7823047348521035,2.4148145657226703,0.6470476127563023,9.3
6.0,10.75,0.0,2.5,0.0,9.3
7.0,10.383702632607479,-2.7823047348520915,2.4148145657226707,-0.6470476127563017,9.3
8.0,9.30977309068272,-5.375000000000001,2.165063509461097,-1.2499999999999996,9.3
9.0,7.601397897755372,-7.601397897755372,1.7677669529663689,-1.7677669529663689,9.3
10.0,5.374999999999997,-9.30977309068272,1.2500000000000009,-2.1650635094610964,9.3
11.0,2.782304734852103,-10.383702632607477,0.6470476127563024,-2.4148145657226703,9.3
0.0,6.735557395310429e-16,11.0,1.5308084989341916e-16,2.5,9.4
1.0,2.847009496127722,10.625184089179745,0.6470476127563018,2.4148145657226707,9.4
2.0,5.500000000000001,9.52627944162883,1.2499999999999998,2.165063509461097,9.4
3.0,7.778174593052008,7.778174593052008,1.7677669529663689,1.7677669529663689,9.4
4.0,9.526279441628828,5.5,2.1650635094610964,1.25,9.4
5.0,10.625184089179744,2.847009496127734,2.4148145657226703,0.6470476127563023,9.4
6.0,11.0,0.0,2.5,0.0,9.4
7.0,10.625184089179745,-2.8470094961277215,2.4148145657226707,-0.6470476127563017,9.4
8.0,9.52627944162883,-5.500000000000001,2.165063509461097,-1.2499999999999996,9.4
9.0,7.778174593052008,-7.778174593052008,1.7677669529663689,-1.7677669529663689,9.4
10.0,5.499999999999997,-9.52627944162883,1.2500000000000009,-2.1650635094610964,9.4
11.0,2.8470094961277335,-10.625184089179744,0.6470476127563024,-2.4148145657226703,9.4
0.0,6.888638245203848e-16,11.25,1.5308084989341916e-16,2.5,9.5
1.0,2.911714257403352,10.866665545752012,0.6470476127563018,2.4148145657226707,9.5
2.0,5.625000000000001,9.74278579257494,1.2499999999999998,2.165063509461097,9.5
3.0,7.954951288348645,7.954951288348645,1.7677669529663689,1.7677669529663689,9.5
4.0,9.742785792574939,5.625,2.1650635094610964,1.25,9.5
5.0,10.86666554575201,2.9117142574033643,2.4148145657226703,0.6470476127563023,9.5
6.0,11.25,0.0,2.5,0.0,9.5
7.0,10.866665545752012,-2.9117142574033514,2.4148145657226707,-0.6470476127563017,9.5
8.0,9.74278579257494,-5.625000000000001,2.165063509461097,-1.2499999999999996,9.5
9.0,7.954951288348645,-7.954951288348645,1.7677669529663689,-1.7677669529663689,9.5
10.0,5.624999999999997,-9.74278579257494,1.2500000000000009,-2.1650635094610964,9.5
11.0,2.911714257403364,-10.86666554575201,0.6470476127563024,-2.4148145657226703,9.5
0.0,7.041719095097267e-16,11.5,1.5308084989341916e-16,2.5,9.6
1.0,2.976419018678982,11.108147002324278,0.6470476127563018,2.4148145657226707,9.6
2.0,5.750000000000001,9.95929214352105,1.2499999999999998,2.165063509461097,9.6
3.0,8.131727983645282,8.131727983645282,1.7677669529663689,1.7677669529663689,9.6
4.0,9.959292143521049,5.75,2.1650635094610964,1.25,9.6
5.0,11.108147002324277,2.9764190186789947,2.4148145657226703,0.6470476127563023,9.6
6.0,11.5,0.0,2.5,0.0,9.6
7.0,11.108147002324278,-2.9764190186789814,2.4148145657226707,-0.6470476127563017,9.6
8.0,9.95929214352105,-5.750000000000001,2.165063509461097,-1.2499999999999996,9.6
9.0,8.131727983645282,-8.131727983645282,1.7677669529663689,-1.7677669529663689,9.6
10.0,5.749999999999997,-9.95929214352105,1.2500000000000009,-2.1650635094610964,9.6
11.0,2.9764190186789943,-11.108147002324277,0.6470476127563024,-2.4148145657226703,9.6
0.0,7.194799944990686e-16,11.75,1.5308084989341916e-16,2.5,9.7
1.0,3.041123779954612,11.349628458896545,0.6470476127563018,2.4148145657226707,9.7
2.0,5.875000000000001,10.175798494467161,1.2499999999999998,2.165063509461097,9.7
3.0,8.308504678941919,8.308504678941919,1.7677669529663689,1.7677669529663689,9.7
4.0,10.17579849446716,5.875,2.1650635094610964,1.25,9.7
5.0,11.349628458896543,3.041123779954625,2.4148145657226703,0.6470476127563023,9.7
6.0,11.75,0.0,2.5,0.0,9.7
7.0,11.349628458896545,-3.0411237799546114,2.4148145657226707,-0.6470476127563017,9.7
8.0,10.175798494467161,-5.875000000000001,2.165063509461097,-1.2499999999999996,9.7
9.0,8.308504678941919,-8.308504678941919,1.7677669529663689,-1.7677669529663689,9.7
10.0,5.874999999999997,-10.175798494467161,1.2500000000000009,-2.1650635094610964,9.7
11.0,3.0411237799546247,-11.349628458896543,0.6470476127563024,-2.4148145657226703,9.7
0.0,7.347880794884105e-16,12.0,1.5308084989341916e-16,2.5,9.8
1.0,3.1058285412302418,11.591109915468811,0.6470476127563018,2.4148145657226707,9.8
2.0,6.000000000000001,10.392304845413271,1.2499999999999998,2.165063509461097,9.8
3.0,8.485281374238555,8.485281374238555,1.7677669529663689,1.7677669529663689,9.8
4.0,10.39230484541327,6.0,2.1650635094610964,1.25,9.8
5.0,11.59110991546881,3.1058285412302555,2.4148145657226703,0.6470476127563023,9.8
6.0,12.0,0.0,2.5,0.0,9.8
7.0,11.591109915468811,-3.1058285412302413,2.4148145657226707,-0.6470476127563017,9.8
8.0,10.392304845413271,-6.000000000000001,2.165063509461097,-1.2499999999999996,9.8
9.0,8.485281374238555,-8.485281374238555,1.7677669529663689,-1.7677669529663689,9.8
10.0,5.999999999999997,-10.392304845413271,1.2500000000000009,-2.1650635094610964,9.8
11.0,3.105828541230255,-11.59110991546881,0.6470476127563024,-2.4148145657226703,9.8
0.0,7.500961644777524e-16,12.25,1.5308084989341916e-16,2.5,9.9
1.0,3.1705333025058717,11.832591372041078,0.6470476127563018,2.4148145657226707,9.9
2.0,6.125000000000001,10.608811196359381,1.2499999999999998,2.165063509461097,9.9
3.0,8.662058069535192,8.662058069535192,1.7677669529663689,1.7677669529663689,9.9
4.0,10.60881119635938,6.125,2.1650635094610964,1.25,9.9
5.0,11.832591372041076,3.170533302505886,2.4148145657226703,0.6470476127563023,9.9
6.0,12.25,0.0,2.5,0.0,9.9
7.0,11.832591372041078,-3.1705333025058713,2.4148145657226707,-0.6470476127563017,9.9
8.0,10.608811196359381,-6.125000000000001,2.165063509461097,-1.2499999999999996,9.9
9.0,8.662058069535192,-8.662058069535192,1.7677669529663689,-1.7677669529663689,9.9
10.0,6.124999999999997,-10.608811196359381,1.2500000000000009,-2.1650635094610964,9.9
11.0,3.1705333025058855,-11.832591372041076,0.6470476127563024,-2.4148145657226703,9.9
