0.0,10.396280919640915,-11.851329765578651,1.5308084989341916e-16,2.5,0.0
1.0,2.0854849600172,-14.558643304328083,0.9567085809127246,2.309698831278217,0.0
2.0,-0.6039266609173684,-7.538704886681848,1.7677669529663689,1.7677669529663689,0.0
3.0,-5.853966714097607,0.12464099716674504,2.309698831278217,0.9567085809127245,0.0
4.0,-3.3088964322828236,4.35474786620629,2.5,0.0,0.0
5.0,-6.835881100062796,4.412648233795133,2.309698831278217,-0.9567085809127245,0.0
6.0,-6.962849162825124,7.384796152884273,1.7677669529663689,-1.7677669529663689,0.0
7.0,-0.5241477630704221,16.158656527786015,0.9567085809127246,-2.309698831278217,0.0
0.0,10.39461382085297,-11.597324607205017,0.007266684840363319,2.580138161299966,0.1
1.0,2.1920315835338675,-14.315165053213573,1.1436216137480475,2.4559843560487917,0.1
2.0,-0.4270457706364539,-7.354601893859763,1.746798889682241,1.8701734556733018,0.1
3.0,-5.623935559169472,0.22378559689964472,2.2621513418322774,1.0251430238656154,0.1
4.0,-3.058475781902734,4.353741791533707,2.4773930774230997,0.02250528514419231,0.1
5.0,-6.601533021261332,4.311805991632909,2.4140943186668755,-0.9506599206682702,0.1
6.0,-6.778522440291697,7.2144124201687,1.8058517265762588,-1.802881444776313,0.1
7.0,-0.425027037889282,15.919947760584558,0.9904372865211339,-2.3689750545061643,0.1
0.0,10.393511692524521,-11.336201919512133,-0.07630115496098935,2.661706346191317,0.2
1.0,2.301415992137475,-14.069551417287983,1.0983777731603477,2.59808699000536,0.2
2.0,-0.2504546294857324,-7.169993043174091,1.722775088891094,1.7842800586854621,0.2
3.0,-5.395468121406098,0.32436203795641205,2.2762864245254995,0.8995700891784316,0.2
4.0,-2.8194399118886917,4.362093131874754,2.2711131770727957,0.08554956825454342,0.2
5.0,-6.353118532753561,4.2205896343456,2.53546163477585,-1.0176159087599652,0.2
6.0,-6.586049321063912,7.05239177070598,1.9584966450403705,-1.5207655435403113,0.2
7.0,-0.33408936381614396,15.673792222912354,0.7862649779043422,-2.451848814626689,0.2
0.0,10.401821802196103,-11.06156758031212,0.2151291165396447,2.7453248783996913,0.3
1.0,2.416884323249813,-13.809024505712046,1.1510528485989584,2.683353262742562,0.3
2.0,-0.08199541162491997,-6.972246219280902,1.6309006352818716,1.9910979269311015,0.3
3.0,-5.1563039383541005,0.4038387052659349,2.385597959467348,0.7919588475389443,0.3
4.0,-2.581142082773882,4.360377848265486,2.3941122702219015,-0.09249095855936747,0.3
5.0,-6.107961006860167,4.123012760366198,2.3555858928909172,-0.9761363783885897,0.3
6.0,-6.383923646161717,6.898716853270863,1.9686036630728005,-1.5702912374800808,0.3
7.0,-0.24810567587114907,15.42581766820785,0.9034807178201194,-2.398512123792044,0.3
0.0,10.417566447359489,-10.794585454534658,0.07047869284480257,2.745868648625328,0.4
1.0,2.5365213353062552,-13.540885764760294,1.1319709656612642,2.7832714489651926,0.4
2.0,0.0879142429559927,-6.761023659418508,1.7426392279042502,2.075071788310777,0.4
3.0,-4.923198718059058,0.4872771194409511,2.2787540521367657,0.9016397540074483,0.4
4.0,-2.338419052139413,4.347044419850284,2.416583717066085,-0.1919306272821191,0.4
5.0,-5.878833324958574,4.033010558748481,2.315067199085963,-0.8654737096666735,0.4
6.0,-6.197097112376895,6.751328368683983,1.9296107412278105,-1.482044782996395,0.4
7.0,-0.1430889642853721,15.183991550921412,1.1518596518952742,-2.553669751579211,0.4
0.0,10.4087654651161,-10.503214640331588,-0.08037962921539091,2.9202690763726276,0.5
1.0,2.647321520284713,-13.266362751370107,1.0674116145240156,2.6347102731412075,0.5
2.0,0.25693331846995626,-6.562396413954745,1.613178767790187,1.9224352842374888,0.5
3.0,-4.697450550471321,0.58023043955028,2.177986800205127,0.9358407807220106,0.5
4.0,-2.1030488535772083,4.335368244055104,2.3528618744230045,-0.05932484019344583,0.5
5.0,-5.639967570620323,3.966132855116054,2.47149317544231,-0.6465956516323769,0.5
6.0,-6.011572035022157,6.601837240775539,1.9173327757159486,-1.4257137415289738,0.5
7.0,-0.034746381380799995,14.93925684479817,1.0841935338161741,-2.3485015441003303,0.5
0.0,10.397196942108106,-10.207836264088847,-0.12353397814589903,2.877594296373117,0.6
1.0,2.755931564178848,-12.994488184659502,1.0296314612428454,2.6994924632549147,0.6
2.0,0.428671218346075,-6.374938514204523,1.8827704074686544,1.8451401519161832,0.6
3.0,-4.475540962890729,0.675689144262388,2.2951497900520113,0.9443195420087799,0.6
4.0,-1.8549563761037557,4.330288370570191,2.5316056867999657,-0.15171318568819647,0.6
5.0,-5.389412028231309,3.9029582977638646,2.550980393394834,-0.5800752150409013,0.6
6.0,-5.811331658262196,6.458403820061508,2.193839435608411,-1.3792541592545196,0.6
7.0,0.07768619822032186,14.698539150861208,1.0991381574671417,-2.4566758514869065,0.6
0.0,10.371496624380303,-9.937846206712875,-0.34658697132937544,2.6463763334780976,0.7
1.0,2.861351327772203,-12.719609163337097,1.1064885651707255,2.8799319555909086,0.7
2.0,0.6178418894787541,-6.187455983020191,1.959035248435427,1.8888078102919839,0.7
3.0,-4.24111657435951,0.7705598530772306,2.437762364664304,0.9609076801761629,0.7
4.0,-1.6091369107840485,4.321929927829748,2.5167409236068785,-0.2084144069171321,0.7
5.0,-5.125008561225465,3.8442697906412504,2.7907237648201946,-0.6458170485336857,0.7
6.0,-5.5914455462195,6.324234370813678,2.246081469266177,-1.3670996937747315,0.7
7.0,0.1724139827972726,14.450009475660156,0.8622386355668006,-2.50273378294826,0.7
0.0,10.326252710498883,-9.663807375150006,-0.4845402971301464,2.718766946940557,0.8
1.0,2.9773284152504407,-12.43292527491549,1.3639708470399778,2.939698623552693,0.8
2.0,0.8125161325203347,-6.006328362517031,1.853641113435736,1.7310779691267464,0.8
3.0,-3.984352029087204,0.8606111251876829,2.732252518328808,0.8754594176879371,0.8
4.0,-1.354496193881051,4.316816532946725,2.601943876091434,0.04215223341979507,0.8
5.0,-4.852236654988099,3.7849279123159234,2.806925636929733,-0.5321543500319024,0.8
6.0,-5.369958573177078,6.190927935332696,2.2697117805257045,-1.4257148112196982,0.8
7.0,0.27883757300041534,14.203168114394256,1.2327059802251645,-2.5140597274492187,0.8
0.0,10.274752964563072,-9.383838251501976,-0.47268324561452396,2.8251791014115244,0.9
1.0,3.121948464154038,-12.142750115822317,1.467347704366535,2.8389651078215525,0.9
2.0,1.0017697327759532,-5.832921640639338,1.777856391146702,1.7625146625231227,0.9
3.0,-3.702840499321421,0.9540824387970996,2.8827704483004233,0.8773627998525926,0.9
4.0,-1.098675310442978,4.3195898983887835,2.5203245157677734,0.07938925634004401,0.9
5.0,-4.584404376254412,3.7399314697077846,2.5775157816456407,-0.32628692054182074,0.9
6.0,-5.140097710673857,6.042755279427449,2.3505707389755814,-1.4213351384013118,0.9
7.0,0.3969667159578574,13.956929345114494,1.1403933993639752,-2.5380322569089344,0.9
0.0,10.23088847126667,-9.096045248084637,-0.31685292658128117,3.000196034193825,1.0
1.0,3.27973279364146,-11.85401014593722,1.445415046362059,2.89548748581265,1.0
2.0,1.1690750255618338,-5.657382702142697,1.5522899197688649,1.750676166253401,1.0
3.0,-3.4246631702466095,1.0449820777570675,2.701416124366944,0.8527679229003412,1.0
4.0,-0.8486593834647937,4.327930428098919,2.5451220052287353,0.1544200589609637,1.0
5.0,-4.3241034809094305,3.7102007800915113,2.6085906184882037,-0.24456699352191244,1.0
6.0,-4.904840466275378,5.903085452617223,2.522673928574245,-1.3712700373641968,1.0
7.0,0.5055257564720947,13.70323216522446,1.0372147685355626,-2.6016375811885113,1.0
0.0,10.186628280846215,-8.792927066053531,-0.5447865530161651,3.066416740687986,1.1
1.0,3.418808923476917,-11.5558134064383,1.4209346656941158,3.144210721381087,1.1
2.0,1.3124020214144156,-5.491637364929169,1.3999578492372595,1.6462525536978154,1.1
3.0,-3.1627536317147813,1.1268092700341725,2.659703692219459,0.8823536966808158,1.1
4.0,-0.6005270376759952,4.34588458546809,2.4066263288201823,0.2323667759105208,1.1
5.0,-4.070848272875123,3.6818283700347085,2.4932014191904543,-0.28063564922603557,1.1
6.0,-4.652680310943044,5.759596086448709,2.580928014023118,-1.430579033046391,1.1
7.0,0.6176851592203771,13.447635777297123,1.258135068916352,-2.5471556293883735,1.1
0.0,10.129820653897712,-8.494656397153799,-0.48557585723788416,2.9295507812038437,1.2
1.0,3.5507677709949683,-11.240912916073466,1.4434349497162342,3.1210696075650337,1.2
2.0,1.4483366067633963,-5.325585243622737,1.3295191166425024,1.5905065638937836,1.2
3.0,-2.89752582362756,1.2132522017851626,2.7629051947097776,0.891129250782063,1.2
4.0,-0.3499315168133794,4.359897886162259,2.592163182328039,0.08071121909616444,1.2
5.0,-3.821861894459232,3.6516434571414913,2.467136184560961,-0.36712776983705675,1.2
6.0,-4.400665540801951,5.607699706823577,2.5449160733362217,-1.4968387797664882,1.2
7.0,0.7370312519606861,13.200540545631164,1.310838381618992,-2.417826863975982,1.2
0.0,10.084484957363513,-8.192830553805445,-0.4655038798462524,3.101516792283285,1.3
1.0,3.7073690017495946,-10.938265240264501,1.6077869959854538,3.0015643605338744,1.3
2.0,1.5821878408567596,-5.171027496957316,1.4792730710280448,1.4735380224115082,1.3
3.0,-2.6169203306760105,1.2920523510770763,2.882417297288724,0.7756313970761752,1.3
4.0,-0.09587212883391771,4.354121633914705,2.5032862671076597,-0.2818722820517632,1.3
5.0,-3.5696636509070743,3.628518853199051,2.5625024986195624,-0.12270772180697012,1.3
6.0,-4.145567647949449,5.470369237852174,2.625124817096675,-1.3119957874058084,1.3
7.0,0.856167082940138,12.96549565237652,1.0837477573198553,-2.3478604437512103,1.3
0.0,10.042465889176588,-7.873559843427323,-0.4861843034627692,3.2184471552447187,1.4
1.0,3.8573048428592527,-10.644559028263796,1.4993860973633506,2.784767057179368,1.4
2.0,1.7374751279116847,-5.010992134122628,1.5820480814534963,1.638007037386959,1.4
3.0,-2.318712092100644,1.366443941068907,3.0176511141937676,0.8353207441104592,1.4
4.0,0.14427878820786155,4.326014925585255,2.3394603135766077,-0.3055713610615258,1.4
5.0,-3.3104376592592164,3.6244910346894628,2.5852898455790183,0.06110880309130148,1.4
6.0,-3.8815006084147488,5.344446123673178,2.78565673279805,-1.1549200998982954,1.4
7.0,0.9662474893343029,12.739215316336024,1.1878295536450658,-2.14123249505737,1.4
0.0,9.98332005191031,-7.55612298397433,-0.6670610154459591,3.1929356380060296,1.5
1.0,3.9995781266278607,-10.360138068204641,1.3664558032394187,2.897170601463898,1.5
2.0,1.894639215998394,-4.837920178394936,1.6087576638302223,1.866427324746503,1.5
3.0,-2.022426898694764,1.4381404047031165,2.9670705386737457,0.6708282147023533,1.5
4.0,0.3711095445039767,4.291193327593807,2.1999193295457156,-0.4766986823771876,1.5
5.0,-3.0430245078749234,3.6265506700225676,2.623745352575292,0.07421143128058424,1.5
6.0,-3.5941794880856355,5.227938248059039,2.8412960404819487,-1.1123333938552482,1.5
7.0,1.0948760360694436,12.513150048553616,1.2267753028092474,-2.3066578801360524,1.5
0.0,9.91722529952315,-7.248043962624946,-0.6899207988008103,3.0249537258375194,1.6
1.0,4.131742615413686,-10.067786201711503,1.3828497758353606,2.9357827904093825,1.6
2.0,2.0530094553303124,-4.659809360688584,1.6880169530524396,1.765995984665617,1.6
3.0,-1.7212909643610539,1.497988265813074,3.037755904957318,0.5195626273775041,1.6
4.0,0.5964414338712238,4.22526590632593,2.2602537197589245,-0.642349321561449,1.6
5.0,-2.7751332600124687,3.6315765230989707,2.7550473885881415,-0.004626877919470598,1.6
6.0,-3.3043408095298545,5.117906172969935,3.0398078507873745,-1.1288509682258272,1.6
7.0,1.2157162668574597,12.284432120389752,1.1870565204341077,-2.2817665927141206,1.6
0.0,9.839907725577339,-6.9524919059951085,-0.872941395181181,2.8557920069294513,1.7
1.0,4.269711731770773,-9.776338972399664,1.302494527144038,2.851206702145833,1.7
2.0,2.2224950632488225,-4.481554641761476,1.7814800742133847,1.7540917587468452,1.7
3.0,-1.4111113483869415,1.551265162674484,3.133944130629589,0.5214186537734734,1.7
4.0,0.8344242258562993,4.1578366013403105,2.41760235756633,-0.7951137554601071,1.7
5.0,-2.49992632573635,3.638318438736697,2.79524959125004,0.040214125316087146,1.7
6.0,-3.005704773979275,4.991458860972129,2.9884970330999603,-1.207060607602656,1.7
7.0,1.3284066102515837,12.038392868253561,1.126919263719485,-2.649776294382924,1.7
0.0,9.760467323895494,-6.655253625306603,-0.8066039724242217,3.058890369332476,1.8
1.0,4.404448495865121,-9.47262432079356,1.4167426278584199,3.208080222942282,1.8
2.0,2.3975808897271937,-4.305940117998531,1.7471690146145844,1.7564343981869484,1.8
3.0,-1.1073976799416885,1.6229916802630742,3.0180369585377482,0.8407931487504545,1.8
4.0,1.0590048939678276,4.0698650032452415,2.1358346530178776,-0.7690045971473913,1.8
5.0,-2.2333776350438646,3.6526167759947383,2.5510194874792007,0.17532457620899872,1.8
6.0,-2.711994064762134,4.880489513318489,2.9809195554656904,-1.1861259086810263,1.8
7.0,1.4394995428986794,11.779080809037909,1.1687418698496972,-2.546945957343937,1.8
0.0,9.6871990317202,-6.350662339297289,-0.6535407103048345,3.101029900727608,1.9
1.0,4.548464436696102,-9.145661091759347,1.3622085775447152,3.261070146362591,1.9
2.0,2.5830674388108914,-4.138786369959177,1.789893538517813,1.637178721272772,1.9
3.0,-0.8023768817996917,1.7097195325783052,3.1366001389937295,0.8659727111269918,1.9
4.0,1.2728558148302174,3.989510055889522,2.2235727630827755,-0.7314443726704091,1.9
5.0,-1.9715555488120842,3.6609604158148756,2.757106573588427,-0.0534577893245117,1.9
6.0,-2.418267604563031,4.761870103338006,2.9021823856456423,-1.1093491766056063,1.9
7.0,1.5478329104235016,11.518691418828709,0.9485082391697287,-2.6815194365310058,1.9
0.0,9.613524780842397,-6.048814119934628,-0.8215014025404274,2.8463086684205012,2.0
1.0,4.664137833405527,-8.815479943419309,1.1315605731573677,3.339774176459739,2.0
2.0,2.7709667034898793,-3.9707676619938246,1.786701522147179,1.8301079208343012,2.0
3.0,-0.4830449646666617,1.8022387455411106,3.129190937647772,1.0069403419017737,2.0
4.0,1.480926414946552,3.921100639707684,2.0474931774434464,-0.7312744378284365,2.0
5.0,-1.686960691614658,3.647614749851446,2.910099615092531,-0.21278626576926796,2.0
6.0,-2.123070783093855,4.65610748550667,3.014624879138484,-1.0143637835620583,2.0
7.0,1.6475194308916277,11.25080906224553,0.9592902439517146,-2.6400034913694497,2.0
0.0,9.5297204725769,-5.758599800093249,-0.8798927020381099,2.7954753957152922,2.1
1.0,4.768104363082115,-8.479216422630856,1.0705829107084812,3.300312376776843,2.1
2.0,2.952210947104134,-3.785396675512467,1.8904126914642934,1.9250880516414597,2.1
3.0,-0.17340477458298498,1.9011675144145856,3.092537697885332,0.8904217014641971,2.1
4.0,1.6665300810947388,3.857158077616156,1.7606452398195862,-0.606309998508337,2.1
5.0,-1.3990763004142703,3.6183441256330786,2.8332746988500634,-0.41791351283772127,2.1
6.0,-1.8208332496778374,4.569889782444131,2.985352479563393,-0.7307291716272959,2.1
7.0,1.756616594374555,10.978213492280076,1.1942302898676262,-2.709383449992771,2.1
0.0,9.443411437952278,-5.474588395428471,-0.9385927343712431,2.8783482661303723,2.2
1.0,4.8715212499624565,-8.142481968199837,0.9947695069511713,3.3463800286173906,2.2
2.0,3.1321139808975857,-3.5869858662715055,1.7110690266330963,1.900313002219448,2.2
3.0,0.13249380576473158,1.9917613025618763,3.0589684018729866,0.8974759098609679,2.2
4.0,1.8545244879173461,3.7967207851438354,1.9632337256855723,-0.5672329666340994,2.2
5.0,-1.1118664940774634,3.5949416933056573,2.890903944677397,-0.07473612256389511,2.2
6.0,-1.5235880136118833,4.485092969908271,3.0171960768135753,-0.8237187833523402,2.2
7.0,1.8792322176662708,10.7038159760288,1.3519156855573122,-2.7057962952229606,2.2
0.0,9.34622599733709,-5.197177474400885,-0.9528932344668284,2.63233765226706,2.3
1.0,4.971976846560574,-7.793987422628405,0.9916153116634983,3.5552470130694824,2.3
2.0,3.304672490279577,-3.401102934095322,1.7145796198647467,1.8655396901010899,2.3
3.0,0.4382189320123553,2.0835587776850426,2.954082364969348,0.9210028859363932,2.3
4.0,2.0618188064817584,3.7430494249270123,2.1240554291251876,-0.5402354541408355,2.3
5.0,-0.8289973253058376,3.5902529549650644,2.816804951036373,-0.0660789770536098,2.3
6.0,-1.2245426498753242,4.4129269811370255,2.9339424419237607,-0.6477209840059994,2.3
7.0,2.0213057894136472,10.446893427277892,1.4641798147204685,-2.499953779953082,2.3
0.0,9.246764920669978,-4.928097289444066,-0.9713466147385299,2.7031920843797805,2.4
1.0,5.070964772079117,-7.437403060095787,1.0071324146047287,3.5688325776197383,2.4
2.0,3.4734903843910807,-3.212712002084377,1.71837799444473,1.932638605689327,2.4
3.0,0.7320705813670898,2.1562984043545117,2.852329479576985,0.642159474665005,2.4
4.0,2.2613298814656106,3.6980921152477,2.002535512246794,-0.4254628768702143,2.4
5.0,-0.5481110271289484,3.5746638248257057,2.8830247100582174,-0.16302751576166408,2.4
6.0,-0.9214186143213658,4.34729570234118,3.0420340157240906,-0.6606449780510911,2.4
7.0,2.1728818233826,10.196333263241355,1.530318792370521,-2.5480328849413776,2.4
0.0,9.1457430570932,-4.657108366159104,-1.0173757511334354,2.7182869269432572,2.5
1.0,5.171186056295965,-7.085584944588582,0.9351067383480856,3.5772576460617866,2.5
2.0,3.644393518465918,-3.020165331538988,1.6844811882142585,1.921874445335288,2.5
3.0,1.0133008595555353,2.2163351224912065,2.8315583008275045,0.69994887333332,2.5
4.0,2.465819827284042,3.6670115599856734,1.9700648848446143,-0.2928461814120752,2.5
5.0,-0.261970996029941,3.557915376105898,2.884306663964432,-0.3422072916917833,2.5
6.0,-0.6227867079471694,4.284742249122549,2.8917001571439775,-0.4901168196237391,2.5
7.0,2.3252828513986845,9.940961124126698,1.501444844121079,-2.474288045473668,2.5
0.0,9.045738136601946,-4.385698120090524,-1.024042003868263,2.7172804866300377,2.6
1.0,5.253051577206383,-6.733818215327235,0.6453619162109621,3.533607801138455,2.6
2.0,3.8099489144842904,-2.8250108347592073,1.6556871350236677,1.927083364334984,2.6
3.0,1.2903664594945212,2.2904409489193918,2.799254712005984,0.7862975291120511,2.6
4.0,2.6648852817795445,3.6358447232690283,1.9059732492205386,-0.39155245935017857,2.6
5.0,0.021501639505912884,3.516986373021981,2.79596982767722,-0.452912116644386,2.6
6.0,-0.33575930820913946,4.232053465408128,2.7579363603547815,-0.4922106155178143,2.6
7.0,2.47266593946728,9.693204760970366,1.4949993882855677,-2.3537866024637797,2.6
0.0,8.949052978646282,-4.109905712343,-0.9536759087890179,2.8339323167480233,2.7
1.0,5.317173261540232,-6.382262929770459,0.7307477011782583,3.5767764210496247,2.7
2.0,3.9772914450932255,-2.6168954209506037,1.6393784451060969,2.2095923147369256,2.7
3.0,1.5740980227971004,2.364652145576201,2.794328538165635,0.7017275592222454,2.7
4.0,2.8599953632484745,3.589058711816431,2.0439035209575835,-0.5411165345407992,2.7
5.0,0.29752747679178526,3.4699282997407073,2.7903775650697247,-0.5747675827313641,2.7
6.0,-0.06797434082991582,4.183657602656323,2.6272192307649407,-0.5702609107070772,2.7
7.0,2.6287537933325424,9.444353622376333,1.6776336131669185,-2.5047909923822282,2.7
0.0,8.850186259213858,-3.827743713138545,-1.1027940942403391,2.806311792919884,2.8
1.0,5.386710970095052,-6.016860896586863,0.6980318799727941,3.752476092660038,2.8
2.0,4.1411976469974325,-2.402604211839611,1.7950003545152113,2.232752901855148,2.8
3.0,1.8459874952021282,2.415983986173456,2.6015801570694554,0.4383602152710919,2.8
4.0,3.0658988241038125,3.5252327365499188,2.0017001078316987,-0.7645401501002639,2.8
5.0,0.5793936876181078,3.404185678201428,2.7669155665085894,-0.6779233562246358,2.8
6.0,0.1907209168340782,4.140020251282832,2.6236341477702654,-0.3295146437390574,2.8
7.0,2.792615042778385,9.188412979504744,1.5954126410152776,-2.668205468250364,2.8
0.0,8.742689225332894,-3.5456868045323744,-1.0419941748737134,2.7193309548923175,2.9
1.0,5.45703006515044,-5.638014781588152,0.718421196449659,3.9119859179397345,2.9
2.0,4.307680772213402,-2.169282828869589,1.6040169463153267,2.3940290045561317,2.9
3.0,2.109859535693085,2.46162929747366,2.650747679248915,0.4356077114757818,2.9
4.0,3.2574478526430637,3.4509089122024728,1.8535432515143193,-0.7429819351192896,2.9
5.0,0.8535924661846463,3.3472992666002654,2.8053501167289925,-0.46551454134488923,2.9
6.0,0.4503831400898217,4.112333296371309,2.650893581557356,-0.3248833797280354,2.9
7.0,2.955109608849029,8.924006213260103,1.6196593519757323,-2.612309896540887,2.9
0.0,8.641017957147813,-3.2784724603406588,-0.8714760841397189,2.59179110553604,3.0
1.0,5.549219719156268,-5.231011418868833,0.9911502579543549,4.126303227795697,3.0
2.0,4.4633005470607525,-1.9285118449245588,1.634885186588292,2.4035566105546406,3.0
3.0,2.3700169452564817,2.509603102793534,2.5307748890283492,0.4961511686536112,3.0
4.0,3.450230566890559,3.38271057265763,2.0280837514776446,-0.7389106752026463,3.0
5.0,1.1410265593417734,3.318491073965884,3.0284936205253454,-0.25570541235997013,3.0
6.0,0.7226888283215318,4.075737435341134,2.679642792864086,-0.4720136401466102,3.0
7.0,3.1303374829258384,8.665152701522388,1.7526094191139205,-2.519375687655526,3.0
0.0,8.564571138612031,-3.0175567491429383,-0.7098259398748019,2.630722620968897,3.1
1.0,5.650378351135334,-4.824177932531337,1.0081806975071146,4.017701492521048,3.1
2.0,4.615139188515879,-1.6963839373333196,1.4294542680969449,2.316781951820491,3.1
3.0,2.6204703136932848,2.558665052634141,2.594665737868845,0.521287974500067,3.1
4.0,3.639052361143966,3.3173028842184014,1.8260529737175881,-0.6604269060427591,3.1
5.0,1.4458545325075494,3.2982352920192315,3.1094492239614078,-0.23819239312135657,3.1
6.0,0.995123793201107,4.036540665913862,2.8304473374002197,-0.2604314120459836,3.1
7.0,3.294899055704329,8.424627433538785,1.6465267163231587,-2.317826242556611,3.1
0.0,8.486308783549049,-2.7394628412873785,-0.7296337932109328,2.8898341860255035,3.2
1.0,5.73617546740177,-4.421691551962998,0.7144159248793449,3.9462368460941155,3.2
2.0,4.767432831751084,-1.4614708396195006,1.6259565194644519,2.4192968137616626,3.2
3.0,2.874428761054288,2.6030190264608803,2.628555785783026,0.4901596067909696,3.2
4.0,3.8230833878555233,3.25535306021683,1.8578458225348344,-0.5151994863008774,3.2
5.0,1.748759821286621,3.27643194285831,3.031076220147537,-0.15057359104846083,3.2
6.0,1.2709410749827423,4.014090210699264,2.794709659486786,-0.21465228107269457,3.2
7.0,3.4578112565328167,8.176600337540359,1.5040080791729313,-2.510940296172185,3.2
0.0,8.409125076922486,-2.4568410919106305,-0.7357275169443291,2.958489958020402,3.3
1.0,5.803436645376122,-4.023450254161176,0.6543182944269589,4.209547507154736,3.3
2.0,4.922300033444186,-1.221830999050052,1.5841456982224553,2.3222980415065733,3.3
3.0,3.1461964692075344,2.648068307882772,2.7865195193135355,0.3650147395330824,3.3
4.0,4.01303424999101,3.2065976437704586,1.9587111166291025,-0.4633342902384629,3.3
5.0,2.047618825118172,3.260106652513263,2.899359303539253,-0.23714670177563105,3.3
6.0,1.5436635589694212,3.98124130345834,2.76318522178892,-0.3363798239451741,3.3
7.0,3.615523378396525,7.924525079276759,1.6357133092030478,-2.5643201178327875,3.3
0.0,8.344595971877752,-2.1646664681599024,-0.6077643725117329,2.9078635091908374,3.4
1.0,5.8583949291815,-3.60752797750746,0.5372660469591923,4.086815398700458,3.4
2.0,5.063942655128405,-0.9982141953096002,1.3362179347556693,2.2966117506489097,3.4
3.0,3.4159556443607184,2.6798536678067224,2.6653818528157074,0.31068073274885244,3.4
4.0,4.213046909100857,3.159037749062831,2.073471026603357,-0.5582477771228076,3.4
5.0,2.334204479454795,3.2419599528550798,2.8373272296868928,-0.20435562521170836,3.4
6.0,1.8187395825728674,3.9585482519700017,2.6516326920710056,-0.2302927170301538,3.4
7.0,3.7891422134184425,7.665370045213017,1.7526624399413129,-2.5862497643609474,3.4
0.0,8.279817920477377,-1.8674892736381943,-0.7285061604390074,2.9085647510230688,3.5
1.0,5.895114717169541,-3.1932312733043973,0.2529220182683791,4.16201949792511,3.5
2.0,5.19811413524989,-0.7705622370602774,1.3397745404294326,2.268805388288866,3.5
3.0,3.6768076240101166,2.7224854954192383,2.589242256085153,0.4769063598676753,3.5
4.0,4.4129331789032396,3.1028535675490643,1.9765854155711973,-0.44326568350451667,3.5
5.0,2.616173027572858,3.2181830703052543,2.7333509880629183,-0.3098093581448096,3.5
6.0,2.0922911917209017,3.931222508515363,2.744651207142586,-0.2593193853513555,3.5
7.0,3.973236712845936,7.402396628010987,1.9679599359384747,-2.5488186428307342,3.5
0.0,8.215788328669797,-1.5807369321909133,-0.5387958618310711,2.8013026239101078,3.6
1.0,5.93256484484997,-2.7759946555720973,0.4157768930302226,4.334134920121092,3.6
2.0,5.331278021552349,-0.5509285634678136,1.2608428038317931,2.1724205231493983,3.6
3.0,3.9256213536738236,2.7625723955956687,2.5172197859481686,0.33356449920834874,3.6
4.0,4.604965576466657,3.0641571550995224,1.9416490411075666,-0.49794818932913554,3.6
5.0,2.902285204629887,3.193124812508286,2.9152063558837376,-0.21608223344416852,3.6
6.0,2.375254689529401,3.896454441007707,2.966694064350393,-0.23495386041207755,3.6
7.0,4.153094020755952,7.149887085004919,1.635548670589218,-2.572647633015671,3.6
0.0,8.161986116517324,-1.2898570265174745,-0.46765140389816273,3.082666285337232,3.7
1.0,5.967126943357174,-2.3350608991712205,0.3597341006271856,4.447690547808686,3.7
2.0,5.446894261517423,-0.3388518268731915,1.0647236222127798,2.14131699876939,3.7
3.0,4.175036388200051,2.7999254678088237,2.3603316577975355,0.4734926179314695,3.7
4.0,4.797448378884371,3.019047802687699,1.7938103369388934,-0.2760537072125812,3.7
5.0,3.1946523270146034,3.180655052421668,2.975242247505746,-0.17384913264665655,3.7
6.0,2.6816293985441346,3.865729441430468,3.1296647018521404,-0.3276404328250164,3.7
7.0,4.303057726019402,6.894257647451372,1.514068291640153,-2.558729957629024,3.7
0.0,8.110259269520643,-0.9785913099991397,-0.5170195521789661,3.2775686661695413,3.8
1.0,6.015780332285956,-1.8845355149722127,0.46117565760558177,4.450411949098157,3.8
2.0,5.5395177393069925,-0.12539035322851655,0.8176115162792014,2.10990100459754,3.8
3.0,4.414788467603671,2.8462155386887247,2.3967589069247386,0.35168473820348806,3.8
4.0,4.978113267120364,3.005665636964715,1.7924904432120778,0.01620632670446509,3.8
5.0,3.492897302504546,3.1600226944378647,2.9543653006804043,-0.38130906492305894,3.8
6.0,3.003531540244062,3.837062779772496,3.2349627556383265,-0.30050776403283536,3.8
7.0,4.462361779175051,6.631197786768896,1.6512113792963496,-2.6885480926690666,3.8
0.0,8.044913331976387,-0.6489702812377975,-0.8959452953209148,3.319361403574898,3.9
1.0,6.067839810727764,-1.4457907329541912,0.5044655085694527,4.4064327130598535,3.9
2.0,5.62367615553941,0.09242609155957249,0.9282092167597046,2.0812783855578236,3.9
3.0,4.649617915916924,2.8773861581208537,2.2010383982532282,0.2381189077032259,3.9
4.0,5.156383137756214,2.9949021583830886,1.8243837497472069,-0.21420751311985425,3.9
5.0,3.7843865104285483,3.1185387300948455,3.0138101947374687,-0.4278099772144796,3.9
6.0,3.323962411273694,3.804906845710411,3.1982318665837752,-0.2540508449980393,3.9
7.0,4.632118776114568,6.346394652092393,1.759128647852927,-3.032594075688456,3.9
0.0,7.947199497672099,-0.3119614263040351,-1.0075003886251759,3.360916234054731,4.0
1.0,6.121217366301114,-1.00736170959282,0.6147157300425308,4.3053354444756335,4.0
2.0,5.72145640108503,0.3027966546601004,1.0353675330980623,2.1221254706069117,4.0
3.0,4.856995441974931,2.9040609190343702,1.9144184008441631,0.20672873451306684,4.0
4.0,5.3400791169774,2.9679294126172078,1.8065284543133588,-0.2929674163757064,4.0
5.0,4.092592811951508,3.072803151623859,3.0314892542609178,-0.616497281770417,4.0
6.0,3.6503634527921838,3.7819994295613144,3.3567099643390694,-0.2911288655569866,4.0
7.0,4.812541829053865,6.037164815533812,1.8295026572755555,-3.1681061535282864,4.0
0.0,7.8390634591739214,0.023316665005905013,-1.116576689954935,3.284583222309042,4.1
1.0,6.186472969511513,-0.5792710461730044,0.7017491380434235,4.340692563990857,4.1
2.0,5.84681431390165,0.5285585331282167,1.3818060990629304,2.394111814748922,4.1
3.0,5.045502232692904,2.929596602343352,1.9398183409384968,0.35000472092056634,4.1
4.0,5.5194863362379225,2.9551913625229096,1.7194014158753987,-0.017200369261583137,4.1
5.0,4.4017547723023265,3.0268307230872655,3.13277718269863,-0.31593876716592917,4.1
6.0,3.9809164777157995,3.7441469200195288,3.265382099919003,-0.3776693323129655,4.1
7.0,4.993835540320517,5.7259801646788775,1.8446094025500495,-3.052885518434691,4.1
0.0,7.739427158932702,0.3474906518773946,-0.9527098268709062,3.2876558275153553,4.2
1.0,6.2777096350942045,-0.16720052934737106,0.8777534718215028,3.9875445819688418,4.2
2.0,5.993115805039539,0.7762527200435634,1.3824747062267009,2.5288809846430382,4.2
3.0,5.255162118994019,2.961930561856522,1.9635068097883166,0.31548393661184204,4.2
4.0,5.691344866380481,2.9541962959711583,1.7258882144277157,0.10474843739411045,4.2
5.0,4.718616626342834,2.995803921023317,3.139605168814723,-0.3343678520673798,4.2
6.0,4.306813261272241,3.706592347177841,3.2832966182214856,-0.40041867506988793,4.2
7.0,5.1879407565373405,5.416979130936367,1.977737167349394,-3.0613508050601785,4.2
0.0,7.644641389621281,0.6737997050760629,-1.0249216082765717,3.248511792418942,4.3
1.0,6.363330358708577,0.23065790819982457,0.8536979848723836,3.88669482017606,4.3
2.0,6.128108648636752,1.043170826681752,1.3867634638867048,2.7197963136739363,4.3
3.0,5.452687207538333,3.003545797259364,2.026097061525821,0.3621218403487138,4.3
4.0,5.8552143883926515,2.97438622650523,1.6105227364806258,0.18214995364110012,4.3
5.0,5.025448161468173,2.972042782578417,3.1225259025846666,-0.13828239249833935,4.3
6.0,4.632088253416189,3.6621676342228966,3.253302255748442,-0.5030072090095274,4.3
7.0,5.402825234878044,5.115980309787803,2.170838855894406,-2.9903278524729826,4.3
0.0,7.545968421268887,0.9980483535401782,-0.8678262874342731,3.1860809415860403,4.4
1.0,6.4529100852996075,0.618396477071991,0.9394108498801842,3.9113205061359064,4.4
2.0,6.275341728228908,1.3092878581783487,1.5738217146484765,2.6373552332225727,4.4
3.0,5.657085881734381,3.0208631153853434,2.1480463252345388,-0.005931751247363948,4.4
4.0,6.022628869067602,2.983224936772781,1.6897896906359255,0.1358238222678982,4.4
5.0,5.336948482836529,2.9653427410057502,3.042524326053963,-0.008063880489297848,4.4
6.0,4.961519471056954,3.6035558993154666,3.3455247379175215,-0.722728734794925,4.4
7.0,5.615766781554579,4.8271715357500815,2.213687065390806,-2.785547034807973,4.4
0.0,7.453340699448052,1.3197831290216304,-0.9288542347845925,3.1705109206112025,4.5
1.0,6.553831021516342,1.014006911318102,1.0324855002698183,4.002169878830762,4.5
2.0,6.426499914769957,1.5675158952767583,1.3661005820133711,2.6133775216688804,4.5
3.0,5.874530711350603,3.0242627693479385,2.0935654563942268,0.06350096298603465,4.5
4.0,6.188103305103914,2.9875236868259387,1.7299119911202048,0.11394044488632628,4.5
5.0,5.634466824601772,2.970859201476978,2.895643575611291,-0.016561994997044093,4.5
6.0,5.298327117367553,3.5301201117009935,3.2636473755324276,-0.818920734727942,4.5
7.0,5.8351904334665265,4.557325924077686,2.2584972759575885,-2.800956494096811,4.5
0.0,7.348926496076394,1.6426719819283429,-1.117008337714389,3.2457868130030207,4.6
1.0,6.658991983968375,1.3972264024803662,1.0579281111058862,3.791525756076118,4.6
2.0,6.551108886528011,1.8359740149691297,1.1863233921672214,2.5773019349107167,4.6
3.0,6.08147989262418,3.0260868096365376,2.1254344410059476,-0.014081863029517208,4.6
4.0,6.362623567735732,2.9968526669733153,1.7081737146682332,0.16511019579389327,4.6
5.0,5.916638088217722,2.964954767249295,2.815816439382044,-0.021062784405681434,4.6
6.0,5.6239041290571725,3.4406443008189225,3.3510532274862306,-0.9566402585696878,4.6
7.0,6.077438034272044,4.277770742839608,2.500488904002403,-2.9152579110398773,4.6
0.0,7.2480467474258585,1.9713469711558402,-0.8809503963207018,3.2515016278087847,4.7
1.0,6.760253506195311,1.7925183579503718,0.8775107178639281,4.020750448213247,4.7
2.0,6.665483907813486,2.108366694599622,1.1224129717969582,2.8955085489668773,4.7
3.0,6.303384463069289,3.0259141030204697,2.3397103654569746,-0.014707881314604277,4.7
4.0,6.527078069988266,3.0099051205111222,1.6178755337545947,-0.007480812051858521,4.7
5.0,6.196723316336486,2.959497805384835,2.7746316166376928,-0.08365750641637286,4.7
6.0,5.96804340845937,3.353211135600638,3.564269496277666,-0.9407490306377737,4.7
7.0,6.325856504061043,3.983530207648479,2.402292577228504,-2.9582925430282327,4.7
0.0,7.156212640859868,2.307654860268509,-0.7638898497741028,3.443909919702243,4.8
1.0,6.844743613211946,2.195336243295407,0.8667561395738834,4.085497607435401,4.8
2.0,6.777197235482108,2.4050903482477146,1.077438936350611,2.998791288513592,4.8
3.0,6.5368381003795974,3.0213256730053484,2.3184542533853736,-0.13392423047603846,4.8
4.0,6.688305477025009,3.013343885169162,1.6207382441377292,0.05425131317374079,4.8
5.0,6.466647454486891,2.9553434909979988,2.6877546470559546,0.04005621858102054,4.8
6.0,6.325225786961675,3.252549357115174,3.6035963091603116,-1.204717323445334,4.8
7.0,6.566218747469286,3.67546056905626,2.3227750477032325,-3.2636627563155276,4.8
0.0,7.083863235093989,2.6554196167122415,-0.8112707529285792,3.4362410395118137,4.9
1.0,6.923909784760147,2.603963555482548,0.6787627194574799,4.023558992266315,4.9
2.0,6.881318381813903,2.6984218390913615,1.0261319694167652,2.9626145916462967,4.9
3.0,6.7700797493660385,3.0111491015397815,2.3505679293313455,-0.07523981030024504,4.9
4.0,6.851231015349122,3.0106180631053574,1.5910400983250133,-0.12000233707115404,4.9
5.0,6.728326077095415,2.972071866949212,2.613940777699527,0.19762180874581556,4.9
6.0,6.677887321784441,3.1293746898218853,3.4144427685440104,-1.196780503790881,4.9
7.0,6.781130700360064,3.346268392949762,2.1319164242993485,-3.3842971199326626,4.9
0.0,7.0,3.0,-0.8178667597782919,3.559690851654171,5.0
1.0,7.0,3.0,0.8992691815935839,3.8818779489586883,5.0
2.0,7.0,3.0,1.2201878724738162,3.133090229807655,5.0
3.0,7.0,3.0,2.317753397020544,-0.07819538806281032,5.0
4.0,7.0,3.0,1.4215759624839837,-0.029153420460400384,5.0
5.0,7.0,3.0,2.72130444150072,0.3796877383525564,5.0
6.0,7.0,3.0,3.0397068380385073,-1.4299458887840328,5.0
7.0,7.0,3.0000000000000004,2.3239033114779906,-3.4031151841784513,5.0
0.0,6.917420714711847,3.3620481695821547,-0.8026963110798618,3.579544529764667,5.1
1.0,7.095353334764755,3.3972785427035976,1.089072387500224,3.9051746179740277,5.1
2.0,7.1336148634065815,3.315114961193184,1.373549898684165,3.111598617280469,5.1
3.0,7.221298561948286,3.0022661887172886,2.065520717657019,-0.007965595962138888,5.1
4.0,7.142513055102706,2.9943808690979306,1.4460918725144354,-0.21537241789755324,5.1
5.0,7.258698204039456,3.047350885747205,2.4885337786775987,0.5035153818728663,5.1
6.0,7.3098916298546825,2.86277671335157,3.081919860186949,-1.2977373997347044,5.1
7.0,7.241406729827808,2.657919611585138,2.3538208972088044,-3.489686394818453,5.1
0.0,6.836906336445768,3.726088270765687,-0.9170354303526544,3.6516995250634383,5.2
1.0,7.198227620622872,3.781058524523358,1.0782633885088468,3.6645271059043836,5.2
2.0,7.271893782767927,3.626350007422598,1.3640790836532841,3.076309299233828,5.2
3.0,7.4147669893127155,2.997178848185841,1.9007911826735455,-0.10645040014052971,5.2
4.0,7.291155599785806,2.988192633180417,1.5921784109801658,-0.003137575943080617,5.2
5.0,7.5069945982461,3.0907400637505877,2.5183798128087553,0.4902459829362441,5.2
6.0,7.627523087860551,2.7354239221020675,3.269674192471818,-1.2892876204225916,5.2
7.0,7.479817367770983,2.316387407366827,2.426678115259737,-3.303450236322461,5.2
0.0,6.743409995982809,4.09621113422277,-1.006930524710534,3.8419345104097418,5.3
1.0,7.31519191553737,4.153285449601244,1.1600376324954367,3.7369719622239463,5.3
2.0,7.4139490347104005,3.9346140042353355,1.431344299946332,3.1016893669300796,5.3
3.0,7.613673122232288,2.9848715946255466,2.0965967826282847,-0.12033140267457776,5.3
4.0,7.449065134493354,2.969827299117492,1.5281207869590565,-0.3734035872226518,5.3
5.0,7.750640657424007,3.149165152574966,2.390489688864451,0.5403032426906912,5.3
6.0,7.9722240909414595,2.606300520001902,3.559987045557525,-1.27800888769313,5.3
7.0,7.724240399098784,1.9893257967765843,2.4012450213064938,-3.5100972492426354,5.3
0.0,6.638215687412616,4.477700925221539,-1.2061029970367667,3.8418649996897334,5.4
1.0,7.429238619942778,4.53410472025763,1.1477807997116811,3.807345313266529,5.4
2.0,7.552336777356993,4.240818853480249,1.14817849573264,2.962079014328952,5.4
3.0,7.8291028201426744,2.9741871837057587,2.2188502300738335,-0.08474348646756058,5.4
4.0,7.610472721226971,2.9348245924791323,1.6057588113542132,-0.22654445267828568,5.4
5.0,7.987208309408145,3.1862041807460937,2.2823162643899475,0.2678564277709728,5.4
6.0,8.329648721503888,2.4783271323258687,3.494272232548234,-1.2802750118401773,5.4
7.0,7.974896735845844,1.6286698830620585,2.5301059252261506,-3.7813753079652312,5.4
0.0,6.512263074305688,4.87277007642548,-1.304151346981118,4.008943294000218,5.5
1.0,7.551837772562924,4.903056462446221,1.3908066378934403,3.62956734067775,5.5
2.0,7.665041656913797,4.522331053173308,1.0170205890087924,2.8041941778042814,5.5
3.0,8.058465356045726,2.981312040082523,2.394201117061283,0.22333295039464396,5.5
4.0,7.767701507845123,2.9025544011860696,1.5885492200629063,-0.33597493572815396,5.5
5.0,8.222421370905524,3.2114306579801024,2.4531716654693603,0.28795652538211036,5.5
6.0,8.67469932789174,2.3576800955752466,3.3626931375790856,-1.1307499527238485,5.5
7.0,8.228527796463155,1.2623929128807907,2.4465329182572266,-3.6087378776214942,5.5
0.0,6.378927692788008,5.286678499613993,-1.291638178331488,4.177315179975277,5.6
1.0,7.668185732790215,5.265265068099768,1.068873172578448,3.6948297874363902,5.6
2.0,7.761629142675364,4.81159640887279,0.8430006038373858,2.8712887556274027,5.6
3.0,8.29357791230668,3.0063957534830292,2.362040817583194,0.3052902107047977,5.6
4.0,7.940427939641377,2.882892921111738,1.8569802978686685,-0.17994326215965295,5.6
5.0,8.467632986262817,3.2540112548190048,2.456452697268454,0.45319110562447973,5.6
6.0,9.013970878343361,2.260472559028991,3.420982479523188,-0.8676280324005341,5.6
7.0,8.47598925038941,0.9164296967746948,2.342700468801319,-3.352169790920408,5.6
0.0,6.245182699447038,5.696576555491221,-1.2545361150425347,3.971196197001454,5.7
1.0,7.773368151213617,5.624442329771795,1.1555746093707926,3.503913084156644,5.7
2.0,7.849682246326184,5.103967830739789,0.9599027208258899,2.992110641681544,5.7
3.0,8.539493468218712,3.047963800208909,2.499376272693842,0.5547795660584317,5.7
4.0,8.130345040066928,2.8610278285741138,1.8740278183381824,-0.3014673165081657,5.7
5.0,8.726286744800907,3.2988291990111076,2.706897288879076,0.4551029248190801,5.7
6.0,9.338689107774234,2.1772198154967164,3.1680647131979853,-0.8805152935978366,5.7
7.0,8.703377429946642,0.5865341893118599,2.2726448963229844,-3.1957424926520286,5.7
0.0,6.108964023915296,6.093136764777418,-1.5246986761083412,4.025531156543597,5.8
1.0,7.8826768500051925,5.975537097614684,0.9823187083821394,3.402681901110675,5.8
2.0,7.937208996321814,5.397111298446202,0.898810805383814,2.8740035292630184,5.8
3.0,8.795385407120605,3.0988711526614,2.5647869954219815,0.5003544243103433,5.8
4.0,8.312757033364814,2.8255393293175013,1.771498730108409,-0.4451358579799616,5.8
5.0,9.009706733732944,3.350454116888162,2.83880357482349,0.41234889993992463,5.8
6.0,9.647464057070048,2.0877150363578685,2.851485214764336,-0.8549247664957482,5.8
7.0,8.931772303703543,0.2619213909331357,2.212009231486774,-3.1643773513082865,5.8
0.0,5.96226489490104,6.50116486619803,-1.4737535873034338,4.098984060030635,5.9
1.0,7.995802464643004,6.3096952110225955,1.1625129238627478,3.390727406742014,5.9
2.0,8.041527348726294,5.685916349674039,1.1186961112093625,2.9254891166527583,5.9
3.0,9.044166403543974,3.1346903508342154,2.504925009142629,0.25489269477820764,5.9
4.0,8.496422827883853,2.794385719423974,1.7656061806988228,-0.09947679295747824,5.9
5.0,9.31201763295434,3.3969897265898736,3.044909307895014,0.48645261653161753,5.9
6.0,9.951381187664998,1.984050399324544,3.099246490966097,-1.3332791745377486,5.9
7.0,9.156735216497827,-0.05304669691417008,2.2319247438951355,-3.221924900675991,5.9
0.0,5.8120639413734105,6.91294998090474,-1.4713404825988246,4.174361673626329,6.0
1.0,8.118237725394287,6.659505097293894,1.301793028090926,3.484223824292043,6.0
2.0,8.15080510559455,5.972757839132639,1.128615165082263,2.743595081008836,6.0
3.0,9.29277379003367,3.1521368098300164,2.4551555630625312,0.15800433183468232,6.0
4.0,8.672872840285203,2.779276752967713,1.6412996566330247,-0.0636073721869797,6.0
5.0,9.604898300006509,3.4595471413188474,2.7765501214045587,0.6304008759656936,6.0
6.0,10.257786060777859,1.848594592153053,3.0497065343014516,-1.3685374121916691,6.0
7.0,9.37991206765846,-0.3745309668361596,2.299744948485553,-3.251035439606609,6.0
0.0,5.6682346379946065,7.326850404519204,-1.5607121599728029,4.080755276800738,6.1
1.0,8.226901767597242,7.014303013105706,1.0633419145300058,3.546408882854665,6.1
2.0,8.250467495853181,6.238942518037113,0.8621553394369144,2.6160669197362165,6.1
3.0,9.537054473898253,3.166062760363472,2.592037450793908,0.19982440005098984,6.1
4.0,8.841320982776598,2.7734516828768263,1.7049648111211746,-0.06943374502152162,6.1
5.0,9.87645429776348,3.5385299134986723,2.6254728287163713,0.9955280525921023,6.1
6.0,10.572479425332995,1.7068086315295719,3.1289750199579265,-1.3906032453344808,6.1
7.0,9.610371772575725,-0.7005320435037259,2.4111479713858395,-3.2703172602316792,6.1
0.0,5.507945358532333,7.731041120084061,-1.5841591996259021,3.911721188733794,6.2
1.0,8.333349936109899,7.362108329059899,1.0112342946746107,3.4732775664053577,6.2
2.0,8.3344090120105,6.511779167099652,0.8022107213593689,2.842741358227571,6.2
3.0,9.785264176273923,3.19214013316589,2.4460498079386475,0.2885443394102944,6.2
4.0,9.006088679700794,2.7550676236303215,1.720235414672615,-0.27105913556025235,6.2
5.0,10.129578252080364,3.6428909951529156,2.512512315265436,1.0957365511540853,6.2
6.0,10.892575190457833,1.5715901647414823,3.2616273246114145,-1.4639009400058314,6.2
7.0,9.846889093596431,-1.033687434821557,2.5202888351378556,-3.3398705271476254,6.2
0.0,5.344043335191197,8.142892606549704,-1.5607775800515138,4.217923059389134,6.3
1.0,8.434127844287307,7.708181836887051,1.0555211920393854,3.365341154393312,6.3
2.0,8.430020836275066,6.800467213572928,1.0340649798340091,3.0320781860309043,6.3
3.0,10.016798340628533,3.22045514621914,2.205608367746845,0.28964687827171004,6.3
4.0,9.1664836315731,2.724835800200415,1.6133699021630916,-0.2530715956538402,6.3
5.0,10.373373870771662,3.7559653901156174,2.35955967683366,1.1417073134694788,6.3
6.0,11.22512869116206,1.428339851748885,3.261710826434103,-1.3277211225468561,6.3
7.0,10.091737835075023,-1.3487709444722817,2.417957194738284,-3.0464211932131744,6.3
0.0,5.178292103787267,8.581498855725524,-1.8470597459882585,4.492832641587367,6.4
1.0,8.525923015777115,8.043320776336351,0.9473676956854271,3.3645894943567485,6.4
2.0,8.535877472362804,7.101251697791865,0.9830364840775807,2.849573180901908,6.4
3.0,10.24589289563406,3.2574509167611665,2.2035568703646073,0.4432433626990478,6.4
4.0,9.3415112814627,2.7060990798030655,1.7738544749214227,-0.18000306700199448,6.4
5.0,10.603956741472203,3.865928987207704,2.302262719820632,1.1281980525935345,6.4
6.0,11.563676699111275,1.2936318422129585,3.469600783583677,-1.4088016938048318,6.4
7.0,10.334992166404447,-1.6638942379589823,2.4817500330230975,-3.1560514969791242,6.4
0.0,4.987679756824583,9.02648353270035,-2.101995204433953,4.483854281799931,6.5
1.0,8.619885754275293,8.376323110585194,0.9686211756078024,3.316749414062635,6.5
2.0,8.612709056574909,7.379567532526684,0.6327504790610681,2.6611425014679875,6.5
3.0,10.456057922944687,3.3083593324910527,2.060461892665338,0.4512712227415843,6.5
4.0,9.528886783356551,2.6921100469241663,2.010923435075314,-0.13592371623253763,6.5
5.0,10.842038309858129,3.993191831645475,2.373505476047708,1.3601830763533458,6.5
6.0,11.914203478932409,1.161858453692492,3.550607685140864,-1.2752799351882453,6.5
7.0,10.572471229326858,-1.9703485090230926,2.240525808327375,-2.992337288865204,6.5
0.0,4.782794507594377,9.472359511964076,-2.067961399775407,4.402018820523964,6.6
1.0,8.724174737371039,8.713989605628068,1.1192623993825876,3.4224582140599997,6.6
2.0,8.672990484659877,7.652825474373169,0.47931028480969134,2.878216344253177,6.6
3.0,10.658107983538358,3.3452085518785823,2.0649228105533273,0.4105871338704887,6.6
4.0,9.725574645333117,2.688347692151484,1.9965559795571732,-0.06088146551470727,6.6
5.0,11.079492246250219,4.12417930003701,2.264321474351321,1.341504487017044,6.6
6.0,12.271887749052926,1.0333391822016642,3.6158101916227503,-1.2223956478260007,6.6
7.0,10.807263604111492,-2.2642592797602745,2.4728560872700016,-2.9854193921280534,6.6
0.0,4.564742152833904,9.915809905213129,-2.2704316760238723,4.447680482250719,6.7
1.0,8.838177522112636,9.070302769523359,1.1039396811184081,3.6920190789104748,6.7
2.0,8.729261792277834,7.927006716996498,0.6759669405316605,2.6704632457887283,6.7
3.0,10.872133696105207,3.3786290340623832,2.191397929641733,0.28538911685690416,6.7
4.0,9.936107808762452,2.682035871235393,2.0878592032387857,-0.09022466093952919,6.7
5.0,11.310393492977443,4.255846120554017,2.269926480570832,1.4260410996399286,6.7
6.0,12.637615700741827,0.9178030724395971,3.741610760476806,-1.1945716327155356,6.7
7.0,11.056981468037671,-2.560691885458416,2.4865393319570197,-2.915452985065768,6.7
0.0,4.330044143810457,10.33929757416361,-2.456056036359293,4.174612323751515,6.8
1.0,8.952308904974542,9.431906136400428,1.1683288194053432,3.579946454361858,6.8
2.0,8.777582671945332,8.1906510010333,0.4441347419354361,2.6408688763575827,6.8
3.0,11.092140087451973,3.4142016308034813,2.148392283666908,0.40688164680919686,6.8
4.0,10.137917499216586,2.666059557766495,2.00021712104435,-0.1465867171598514,6.8
5.0,11.541843323735092,4.390551413940699,2.3398674371778183,1.421586963401963,6.8
6.0,13.016513064797634,0.7998297483193229,3.8812671298615298,-1.0835486956442661,6.8
7.0,11.313308896018288,-2.849021176183939,2.536267611922477,-2.9301914043757815,6.8
0.0,4.0985020362841444,10.763444442350956,-2.271830742237812,4.253691342723982,6.9
1.0,9.071442883275692,9.791018074078732,1.2407595602805395,3.6134834771521978,6.9
2.0,8.826130186113202,8.455847670435276,0.3692492429893472,2.4452304578211725,6.9
3.0,11.306942737041998,3.4535916101538096,2.1363963130923413,0.3996396469504342,6.9
4.0,10.353352371828894,2.6468394935329593,2.2071301416064175,-0.27697210464116984,6.9
5.0,11.7626713198386,4.5237128357748215,2.093997522957583,1.2107882875941613,6.9
6.0,13.40829470572924,0.6827789220380054,3.944602666316073,-1.2333038081501613,6.9
7.0,11.567488743273959,-3.153937940613943,2.4293149383679165,-3.1400646462434207,6.9
0.0,3.8619553534639612,11.19529925438501,-2.339921354886225,4.35565518700719,7.0
1.0,9.18941170516654,10.14488316029415,1.0760506374012555,3.3154651208183865,7.0
2.0,8.870385836773318,8.700181365237956,0.47330638659723745,2.35191050523967,7.0
3.0,11.510084499352377,3.4906530542156755,1.9609517572106523,0.45967585245246534,7.0
4.0,10.58578319426905,2.6014193962177905,2.3218946654399244,-0.6171948919728241,7.0
5.0,11.9639686107657,4.644408609358907,1.9469844424344362,1.174337408816863,7.0
6.0,13.797416852480108,0.5460612268313927,3.9922789752899384,-1.4099228432079125,7.0
7.0,11.811057460227762,-3.4695457978984496,2.4955866430843305,-3.172897301449638,7.0
0.0,3.6220602434810063,11.630192401826625,-2.3829712413192623,4.42175925053649,7.1
1.0,9.282318019252855,10.476367588349461,0.7956074500763092,3.325745857256617,7.1
2.0,8.921392755973558,8.932863759163686,0.6033168286657855,2.316752749946977,7.1
3.0,11.700961431355996,3.5381508445951892,1.8269077179543132,0.4216950267931932,7.1
4.0,10.813526723710172,2.5394938532339886,2.213016915141979,-0.5657906616217885,7.1
5.0,12.147733295106317,4.758623048661217,1.839725730036647,1.1074937920384222,7.1
6.0,14.187454055790864,0.40915840836571693,3.9952106289231866,-1.3170744075246266,7.1
7.0,12.065622246169156,-3.793041075174928,2.556930770263134,-3.245160431249213,7.1
0.0,3.3875377327188394,12.087836511948945,-2.319673878924285,4.590899073038016,7.2
1.0,9.367744311673626,10.800823140481207,0.9513792496791058,3.3564856561776786,7.2
2.0,8.99497899846638,9.170681997615697,1.0269293981928937,2.367119006691296,7.2
3.0,11.88814736077152,3.5787631688550663,1.9601186195619502,0.4303816228415096,7.2
4.0,11.042088341829198,2.4870923511240215,2.256406790917253,-0.5037115357862892,7.2
5.0,12.338182274452958,4.861281171116424,2.0040383134528112,1.034202465906976,7.2
6.0,14.60248716306591,0.26955781163398207,4.281112023342446,-1.4216289284882462,7.2
7.0,12.323750764288222,-4.117790156064649,2.5792324049365054,-3.2568498399597527,7.2
0.0,3.165451084291046,12.544407700830503,-2.147312189953461,4.538517308889276,7.3
1.0,9.454177231036779,11.126517861497781,0.8822840427538534,3.228672609262751,7.3
2.0,9.10842495355762,9.406581619369163,1.0857437940323327,2.337407304903909,7.3
3.0,12.091676437480437,3.6147334331580376,2.119113024518892,0.35194395903729886,7.3
4.0,11.265728481003592,2.4319443597986354,2.1128028406201045,-0.46297435793409486,7.3
5.0,12.539633488961618,4.976222199673723,1.993539969212266,1.2813145592923088,7.3
6.0,15.016682333001624,0.13053793461430718,3.9476908993270214,-1.3349145005934095,7.3
7.0,12.577945475894646,-4.442042748909202,2.4434150861038844,-3.2598605702926364,7.3
0.0,2.9505449044476624,12.987694077445125,-2.193891602110063,4.445192160148406,7.4
1.0,9.534545047668487,11.448442852927862,0.6319681681458376,3.2258456408440415,7.4
2.0,9.216235640033606,9.643588662862124,1.208542075079614,2.4519581046924865,7.4
3.0,12.298033765361351,3.652227310555953,2.008998093858991,0.24135234302164604,7.4
4.0,11.467152582665868,2.380913801830858,1.8803461022233925,-0.47920668739915895,7.4
5.0,12.740138587623159,5.094864980735222,1.897293954326456,1.1180827730885337,7.4
6.0,15.415045286021577,-0.007478336304591604,3.904394338980061,-1.3585682978767892,7.4
7.0,12.805000389638517,-4.759874437006758,2.247289046099102,-3.0867071444994436,7.4
0.0,2.7322811757683017,13.43301036237528,-2.223490652274595,4.468748266193147,7.5
1.0,9.590429355476038,11.757259688836744,0.5781205542025148,3.005996113850827,7.5
2.0,9.34336800455302,9.884276117975352,1.1861483309675764,2.2911037003687444,7.5
3.0,12.493541234943502,3.6902651366144132,2.0235086817675767,0.44983240795574275,7.5
4.0,11.65741000228295,2.3245399148137387,1.977658523351023,-0.7091409258267574,7.5
5.0,12.93574191522722,5.210010348757315,2.0793151597223907,1.2466490608745617,7.5
6.0,15.795305826510987,-0.15489442293033928,3.649843792145508,-1.4808131558918922,7.5
7.0,13.028167486157255,-5.068697256326754,2.3773744829791124,-3.136217551299955,7.5
0.0,2.5200941538103487,13.87413548827172,-1.9908826401582596,4.39574136154203,7.6
1.0,9.650200696963061,12.064861855080576,0.6342818599235094,3.151404743665444,7.6
2.0,9.473411362477778,10.108023671546254,1.3944802747770946,2.305319106654125,7.6
3.0,12.704988251289514,3.724335905899227,2.084886025263925,0.20976150214196446,7.6
4.0,11.848043805897898,2.258776417183038,1.903451521147845,-0.5629919235938905,7.6
5.0,13.140207566028927,5.349697511935135,1.9313206104425145,1.4942085508652891,7.6
6.0,16.154170615623148,-0.292990138998668,3.7576300630105126,-1.4614379105916802,7.6
7.0,13.255137971184608,-5.374909346895258,2.24284706279283,-2.936314210792241,7.6
0.0,2.3127983093975324,14.311416226901406,-2.0615006209153526,4.351724953574137,7.7
1.0,9.720795220610794,12.374285291549608,0.7647146199563649,3.113136099532464,7.7
2.0,9.608414653289868,10.330422449748248,1.2830822780817044,2.297277993575709,7.7
3.0,12.916797067728417,3.7369431667339477,2.141527346319217,0.11702087020178009,7.7
4.0,12.048359957515368,2.2147370584355377,1.9663597182612211,-0.37702801950588527,7.7
5.0,13.331128589964926,5.498235542939593,1.962949604301052,1.409219438249012,7.7
6.0,16.52417032099347,-0.42473650976544075,3.6500061117273344,-1.2511803708845692,7.7
7.0,13.483619171480921,-5.663137776832828,2.2599055161258916,-2.8503980235060378,7.7
0.0,2.1393471850419044,14.751279963483148,-1.5294603088739702,4.3930545303789,7.8
1.0,9.80957379245979,12.691870465813807,0.9095972680152564,3.168136798190776,7.8
2.0,9.744079334800908,10.556354828633124,1.2783437685572647,2.1943418898045692,7.8
3.0,13.121544771958174,3.7370713498334336,1.8179136014074262,-0.02622401151910672,7.8
4.0,12.245364205524552,2.1715616725534703,2.1302559974337294,-0.5866608342774334,7.8
5.0,13.530330631623077,5.6415233030161325,1.9735300848950836,1.4172798456906892,7.8
6.0,16.89535788439129,-0.547095269286603,3.7603318719714585,-1.244547264262571,7.8
7.0,13.70682126698476,-5.96205819546409,2.268272861544321,-3.0137302385260947,7.8
0.0,1.9833231570223937,15.177179247462545,-1.6912387591352975,4.255189272926076,7.9
1.0,9.90464752482518,12.99887620119003,0.9960089328492117,3.093928690181589,7.9
2.0,9.879066120517807,10.784814795760425,1.4396465990746357,2.363934130375178,7.9
3.0,13.294410900320464,3.7224818965062196,1.7921213242264777,-0.18983793675773716,7.9
4.0,12.453022231032183,2.1133255427227153,2.237626855080437,-0.6899479370610645,7.9
5.0,13.720846132342372,5.796858457308566,1.9176816353654447,1.5674726933290493,7.9
6.0,17.254636939838512,-0.665537603917856,3.6060358941509043,-1.187488765510515,7.9
7.0,13.93607457577813,-6.261152993418866,2.371036483173662,-2.9722225879967095,7.9
0.0,1.813188927615343,15.602065354065816,-1.725433132302296,4.362362271702772,8.0
1.0,10.021231194388712,13.300363407721623,1.2145941214084834,3.004616137226733,8.0
2.0,10.026817122407657,11.027133781029727,1.5063939099733796,2.46539093617475,8.0
3.0,13.467297605300931,3.7070228483281387,1.658942785858986,-0.22797442932770243,8.0
4.0,12.656656363502623,2.0292337474465327,1.884365760054198,-1.0124535538828199,8.0
5.0,13.918871469949359,5.963426697485632,2.105002671757272,1.661624380811838,8.0
6.0,17.61869868154085,-0.7936212126125299,3.682578210602145,-1.3725020564794828,8.0
7.0,14.167928115604008,-6.569076426692771,2.1186317890233903,-3.206947762481244,8.0
0.0,1.6337236409814384,16.048278226956818,-1.8277153853611972,4.437309217709604,8.1
1.0,10.150620455426093,13.609485200787656,1.2931505768861395,3.16122688156022,8.1
2.0,10.182077944282954,11.264851592572745,1.583159898012246,2.2078281664233055,8.1
3.0,13.629412283193961,3.6750208921709415,1.5155357923753552,-0.29084839490910097,8.1
4.0,12.853100450807347,1.9196358999617624,2.0228660638515974,-1.0785853763028668,8.1
5.0,14.143224047549182,6.1172280138960335,2.2914425019167295,1.4332162818508731,8.1
6.0,17.981332762632746,-0.9402569202386939,3.7070540507012053,-1.606794076316906,8.1
7.0,14.378288382963735,-6.890582059272134,2.1154390016480176,-3.1714307451351575,8.1
0.0,1.4539177948961086,16.489158544248493,-1.7202156620028781,4.243878264298252,8.2
1.0,10.27623900377032,13.92838422061903,1.2146500060574736,3.3087458016093483,8.2
2.0,10.332215398413359,11.490272417679849,1.4331136898598376,2.2668475792102276,8.2
3.0,13.767635103629413,3.650215242630333,1.3807300352020808,-0.3950446455246798,8.2
4.0,13.0488067772283,1.804270579960384,1.9938523222051685,-1.0903337938337072,8.2
5.0,14.368341769473737,6.260336605027952,2.1591527969841646,1.4115044416812867,8.2
6.0,18.343146994272367,-1.1119458664602406,3.595203941113035,-1.8257810072049263,8.2
7.0,14.57505086920581,-7.204847421870577,1.9594131666367605,-3.1226652712591108,8.2
0.0,1.2754924159239955,16.922792731530595,-1.6675752707863805,4.380384608001138,8.3
1.0,10.396071787669548,14.253145003079748,1.141718295190328,3.288602248015992,8.3
2.0,10.485837169933355,11.713122656070384,1.6779796651448051,2.1027574358576517,8.3
3.0,13.925002188243052,3.615360116954695,1.6515348282659517,-0.30806451580649385,8.3
4.0,13.247473192492317,1.704954006263165,2.005264310866957,-0.9605205089030446,8.3
5.0,14.584683535890841,6.407007661176182,2.1807697288565833,1.4271815593878001,8.3
6.0,18.706710042706078,-1.2907088082324103,3.5645555617365456,-1.747459454953624,8.3
7.0,14.7806530436795,-7.5199222028777175,2.205690518133683,-3.0827269655245377,8.3
0.0,1.113822546380657,17.3661387769157,-1.4998560598040585,4.481677109202046,8.4
1.0,10.492867281687785,14.578678394510092,0.8348214034551846,3.2137878256449772,8.4
2.0,10.643976593723025,11.919335345881532,1.3768936566337007,2.0655737397479683,8.4
3.0,14.095014192191503,3.583235780204967,1.6674554638074726,-0.40532645404678785,8.4
4.0,13.443176624852276,1.6182497195011871,1.9624511289267228,-0.9181745640258113,8.4
5.0,14.809615709812995,6.560451226529736,2.357075965384045,1.524454633995895,8.4
6.0,19.07012581140536,-1.4718021296731056,3.4967288088262434,-1.9804604775647705,8.4
7.0,14.999826800682824,-7.834657269459283,2.3556896567025865,-3.252899231096965,8.4
0.0,0.9520925756441478,17.821242394776924,-1.591952333738238,4.574133437251686,8.5
1.0,10.576347312983746,14.899959619515876,0.8727642560709291,3.2246567578684733,8.5
2.0,10.774563646552153,12.126936676586503,1.2685545834548697,2.148472396476194,8.5
3.0,14.264455572796663,3.557681010561004,1.7183377538900684,-0.08461563214915713,8.5
4.0,13.627578540011644,1.536874462043547,1.6427380541595755,-0.7415514332878619,8.5
5.0,15.033435286997772,6.706499473718475,2.1590338006607426,1.4650146590349775,8.5
6.0,19.419417220994035,-1.6671071871578036,3.4092305550554207,-1.9485946023051153,8.5
7.0,15.245495090384551,-8.16341110996158,2.6781289451638104,-3.238079010581375,8.5
0.0,0.7792519555092525,18.29598426060955,-1.8008234737974058,4.784460027388485,8.6
1.0,10.663488953099955,15.205356021586535,0.9148246029962299,2.973757860585292,8.6
2.0,10.89967661082051,12.343642697830449,1.1020271635218548,2.2459097352439206,8.6
3.0,14.437759126296424,3.5592777134708986,1.7779348638677024,0.05575411228766797,8.6
4.0,13.784929534790155,1.4633901005711465,1.5838713618432074,-0.5663010832440725,8.6
5.0,15.242030451446496,6.857881981117412,2.027550361642882,1.4433424276355997,8.6
6.0,19.756671611791276,-1.8701698050999291,3.455710259237443,-2.2556273787749843,8.6
7.0,15.501200512049488,-8.496797877600459,2.523902354626813,-3.457617524585204,8.6
0.0,0.5943983448863648,18.770286121143688,-2.001366243542555,4.635314931805078,8.7
1.0,10.74636850239334,15.498579889000357,0.7823269736463494,2.8861386748109834,8.7
2.0,11.019649730877525,12.56419116760872,1.1083470242627491,2.2582480684298667,8.7
3.0,14.620173740099347,3.5643948376696186,1.934120459456068,0.18011095317819154,8.7
4.0,13.938924380355592,1.4007381377146242,1.5827500089599127,-0.7069894484639869,8.7
5.0,15.44650872740311,6.995514007484559,2.000397724393047,1.3106123650577606,8.7
6.0,20.107250552644928,-2.0937990337304617,3.6725475565405112,-2.2978196691518122,8.7
7.0,15.750808665830059,-8.828821174633237,2.563738882758254,-3.202830231813707,8.7
0.0,0.3813733698735735,19.230496420330564,-2.120574737922754,4.600106700179424,8.8
1.0,10.826423918065508,15.789876584882979,0.7866530694040375,2.96930147069492,8.8
2.0,11.14368068842641,12.791853268144479,1.426551905194139,2.2715588897741164,8.8
3.0,14.805751368044799,3.576289255793263,1.8322073221145376,0.10441638615248403,8.8
4.0,14.10420171190652,1.3330811875272697,1.8397611597133119,-0.6899670737863738,8.8
5.0,15.645160514476158,7.1195697091847965,2.119468816049313,1.126230414268794,8.8
6.0,20.465841856009497,-2.32620156859845,3.432810563012867,-2.3726719759479415,8.8
7.0,16.012439874211736,-9.141714469131339,2.7189833122440303,-3.136081316397002,8.8
0.0,0.17138144471848626,19.6872055799374,-1.9706088879560015,4.524691488315648,8.9
1.0,10.907269652431427,16.0957203443517,0.857616829279453,3.246764881311593,8.9
2.0,11.279207476013953,13.017979285801923,1.2586699844889,2.156749968131553,8.9
3.0,14.98892009748986,3.592207820561385,1.7704981129107544,0.1798267840805838,8.9
4.0,14.277156697941681,1.2739974907784855,1.8459378601546779,-0.6227026470060746,8.9
5.0,15.864980893824695,7.233122965761275,2.1538632724743794,1.1543074690525827,8.9
6.0,20.804226865334748,-2.552551327444322,3.3556294541904483,-2.2172813244636176,8.9
7.0,16.282058412400847,-9.449450334597636,2.706294332898825,-2.9848686970703584,8.9
0.0,-0.03568944899972415,20.14260666192712,-2.176827724664041,4.5430073614856274,9.0
1.0,10.986623871907845,16.408596469080077,0.9109586140312684,3.046798659563662,9.0
2.0,11.405724697523937,13.23707045443205,1.1801869650438654,2.284652257839555,9.0
3.0,15.17036759438911,3.6172143346996073,1.9764167602072071,0.3610683745397978,9.0
4.0,14.456102606314873,1.218823887505629,1.8545684312039976,-0.5051703355361724,9.0
5.0,16.07584019124502,7.3466595006683875,2.164641733958019,1.0983183358768749,9.0
6.0,21.134978491162776,-2.779043757332448,3.4036097243228407,-2.156003289073997,9.0
7.0,16.55097738199398,-9.741972347788739,2.635694598615592,-2.8672182739611642,9.0
0.0,-0.26080050469898985,20.593428945764924,-2.2172633722043247,4.512591233200374,9.1
1.0,11.082289660702607,16.707395382251196,0.7544141781866254,2.9777840536070834,9.1
2.0,11.532256365014263,13.453644440102547,1.255786264793739,2.1483353919726,9.1
3.0,15.366583213988925,3.6470650227967436,1.8830653693313377,0.35372335607554733,9.1
4.0,14.649347332082606,1.1796952629915012,2.058814646535382,-0.3750305934194379,9.1
5.0,16.279085928233577,7.474365957806711,1.9686618498081627,1.4207504773785176,9.1
6.0,21.469588429300423,-2.99931718611471,3.3028010948595368,-2.299414441972456,9.1
7.0,16.809692762538255,-10.039192236624539,2.596972829220581,-3.0742137547000787,9.1
0.0,-0.48455372679483055,21.053209399436316,-2.2049448665696083,4.627437694597268,9.2
1.0,11.155077767423435,17.003571438649576,0.6120453761328833,2.961944276797554,9.2
2.0,11.657431802349858,13.687128710468091,1.2360080740393509,2.449488579533023,9.2
3.0,15.54570317363672,3.68298335983228,1.7229632659558363,0.12427882946506022,9.2
4.0,14.858881451456053,1.143749881794934,2.1889213966672867,-0.22091528906200464,9.2
5.0,16.470211647915157,7.625000425332059,1.8459705074666481,1.5865291415056395,9.2
6.0,21.806670985006427,-3.221321972523665,3.4352036958643013,-2.1963265400820826,9.2
7.0,17.072680074699772,-10.338401962096277,2.65592883793828,-3.1064563191676866,9.2
0.0,-0.69821999332353,21.526829317978525,-2.1830444280820966,4.755713835311841,9.3
1.0,11.221820460121645,17.299834215366804,0.5474283112253532,2.9384896455301877,9.3
2.0,11.778838748365708,13.934397458052832,1.2354259982220344,2.635608131715587,9.3
3.0,15.719339473952832,3.693922603721198,1.737845080027039,0.0349026539911107,9.3
4.0,15.079685761387784,1.1253481554714537,2.1852879448686555,-0.20949641426125323,9.3
5.0,16.655933212954622,7.779615758306935,1.9035133868811418,1.3400704688091019,9.3
6.0,22.16129783051668,-3.4278709535931586,3.6826050203096643,-1.9689848677632287,9.3
7.0,17.326504266435528,-10.638363166445059,2.5176644477331767,-2.8829547738711243,9.3
0.0,-0.9024732424303643,21.992510070790644,-1.933254180492104,4.666290714501595,9.4
1.0,11.294152750215638,17.599409901863773,0.9355191531630995,3.049124186995737,9.4
2.0,11.897958793831206,14.20511146238424,1.1528299480461373,2.6998550474132386,9.4
3.0,15.899833650408702,3.709376833720233,1.866104699609994,0.2529209518929722,9.4
4.0,15.28559857454966,1.0757578478612118,2.0746895606213176,-0.5862202668176372,9.4
5.0,16.85594038107652,7.9118537004562,2.072593465613611,1.2233283192090683,9.4
6.0,22.542808259156338,-3.6382573845980315,3.8386658851109265,-2.153613535816472,9.4
7.0,17.57685708969269,-10.925528513738106,2.471557890556047,-2.8919958349453547,9.4
0.0,-1.1008846138448423,22.457626306969935,-2.063812215044224,4.667201524101986,9.5
1.0,11.392954723165376,17.905578018384833,0.9767911542422072,3.004773149091782,9.5
2.0,12.01236755120052,14.463167418467227,1.2086988845913962,2.556696447910717,9.5
3.0,16.08150485893646,3.7353328376546706,1.843604685412226,0.22089889267160212,9.5
4.0,15.489676708166243,1.0198434070284654,1.942038335852076,-0.5785257252471834,9.5
5.0,17.067081645605057,8.030702516037305,2.163446838147696,1.220936801228065,9.5
6.0,22.93209394032717,-3.8598491301868227,3.827758781278841,-2.350436536974744,9.5
7.0,17.815907684633224,-11.207655664511039,2.4061378855733278,-2.8225857384763837,9.5
0.0,-1.2870425874360514,22.931318057675973,-1.775659622172768,4.759578153529218,9.6
1.0,11.482733403933672,18.192874078516294,0.9679943283674757,2.861515993156591,9.6
2.0,12.12714571496113,14.710781453658264,1.0743080037806088,2.4342593288081047,9.6
3.0,16.26293478880635,3.7701247588589455,1.8905345478413322,0.44616694500628745,9.6
4.0,15.694846182410796,0.9617722729273859,2.0480143527135968,-0.6879025248927108,9.6
5.0,17.279968726437183,8.144281564504025,2.0699583615942285,1.0629206412065784,9.6
6.0,23.30235862847124,-4.101075059674069,3.6196838665184425,-2.376891420851369,9.6
7.0,18.06755294469735,-11.502825867047438,2.625258658083438,-3.0075916359654684,9.6
0.0,-1.465974460277593,23.39644295831299,-1.857868848576607,4.565776161824017,9.7
1.0,11.595764166031739,18.479351443197366,1.208804471457328,2.83657894991342,9.7
2.0,12.238122849067604,14.954054006943084,1.115030481110682,2.490905714195237,9.7
3.0,16.45198995481408,3.807293995410299,1.7475017216068625,0.3316490605530066,9.7
4.0,15.905790300612587,0.8941151062341373,2.1332562871894742,-0.7314910189265688,9.7
5.0,17.474931005083697,8.256302785153963,1.7650453042285,1.1422266424806211,9.7
6.0,23.661219234085898,-4.335336461628029,3.5756289676129778,-2.232619021585429,9.7
7.0,18.312119141619704,-11.796447757870254,2.4121287495831907,-2.802652482821838,9.7
0.0,-1.6536283395168123,23.850030193453556,-1.9100003091403086,4.3942291561122495,9.8
1.0,11.724606815668404,18.77965672468502,1.3512925964454463,3.1449556193985524,9.8
2.0,12.344707398711304,15.2078321204322,1.0791683557484457,2.6673840498106687,9.8
3.0,16.634868866759145,3.8395977472614202,1.8799297008372617,0.37333567798108114,9.8
4.0,16.138164423326575,0.8239396344939838,2.4873762509034743,-0.7097932993706275,9.8
5.0,17.650139384053325,8.370600265281439,1.736116559220538,1.113994561952608,9.8
6.0,24.016433015367426,-4.558844049486606,3.6271154270440022,-2.1654000378207847,9.8
7.0,18.550731667457065,-12.083778000326358,2.3483680244926592,-2.9257055711650053,9.8
0.0,-1.8382568689053969,24.28290605212738,-1.9246317114460623,4.42046059037097,9.9
1.0,11.851441049212145,19.08840280129123,1.0782218374395236,3.2404736511438528,9.9
2.0,12.446863907285785,15.468264995497016,0.9702590685017077,2.589722790649924,9.9
3.0,16.815327820835197,3.8749872047192144,1.7985565023339503,0.33235718753795385,9.9
4.0,16.382912769696006,0.7505960524913817,2.4336769309509725,-0.7923671800744297,9.9
5.0,17.82007084706367,8.474679800964694,1.6454819999472692,1.0251491832217572,9.9
6.0,24.369291120530136,-4.770501874655766,3.4450636604579628,-2.1645916575726813,9.9
7.0,18.79659834713615,-12.376499393664083,2.537999390215713,-2.9260386371856613,9.9
0.0,-2.032241903218276,24.72991341067129,-1.8738556229157577,4.5832936782484035,10.0
1.0,11.972395892245547,19.422874051047977,1.270177505480765,3.4963715663258466,10.0
2.0,12.543588341856285,15.730566512240527,0.9728183327468118,2.4834760232571464,10.0
3.0,16.995794237810145,3.917004376273345,1.9939340746478238,0.36469488311218756,10.0
4.0,16.625970615753303,0.6586372460462591,2.475021958946077,-1.0368001165801681,10.0
5.0,17.969340875221732,8.579271582642242,1.3558232019133079,1.0758806068266966,10.0
6.0,24.712427827038546,-4.972490888372125,3.4393436749242223,-1.987496060504415,10.0
7.0,19.045246205955415,-12.670775449858272,2.403932142323742,-2.963745173876414,10.0
0.0,-2.2136743289998257,25.18476321329836,-1.7864320630690491,4.628958040085634,10.1
1.0,12.100141118641922,19.7712379632872,1.221449783989153,3.4506833223411353,10.1
2.0,12.651505599083762,15.97418208077498,1.0408252423274005,2.335620428783398,10.1
3.0,17.199183676049554,3.953518269973964,2.0380977600292542,0.41205816173075344,10.1
4.0,16.87722904490962,0.5551215582846094,2.5389711458127273,-1.0295231150648654,10.1
5.0,18.09550686294022,8.67846329829844,1.173729495711982,1.0522679975167415,10.1
6.0,25.04879722622553,-5.170496582813531,3.3859718132459893,-2.096569014080574,10.1
7.0,19.28109960924153,-12.964860200172229,2.258633171531472,-3.0272123435054956,10.1
0.0,-2.3913425164534328,25.650898376367238,-1.765897241682425,4.597242635508507,10.2
1.0,12.223233826986807,20.115648120943494,1.2397991904922736,3.2798954861101053,10.2
2.0,12.766790405541656,16.211828572362453,1.2365397982215585,2.455148367735453,10.2
3.0,17.400741244248223,3.9777720905887706,1.9034417422675143,0.0787209390039888,10.2
4.0,17.140741364109957,0.4510053948993553,2.5491830044755206,-0.9348819528913048,10.2
5.0,18.206955432054386,8.789339971209998,1.0354855740643416,1.1504544464923756,10.2
6.0,25.389573202821097,-5.390407338209634,3.4490452412179082,-2.211432958954502,10.2
7.0,19.49671484146245,-13.26995913076432,2.1441654508604517,-3.0371992501138423,10.2
0.0,-2.5519469444572547,26.118527254131468,-1.543810465748024,4.75324341887794,10.3
1.0,12.335707310159085,20.450768698535416,1.1039025456394038,3.360728806890732,10.3
2.0,12.892504328710059,16.441484569764206,1.2000037453989125,2.0445745597922147,10.3
3.0,17.590600368619327,3.985062048160728,1.890199113029949,0.09007931735920721,10.3
4.0,17.398283114820217,0.36317791096269936,2.5999366914391313,-0.8642070341128297,10.3
5.0,18.3131644348626,8.910398990258644,1.0724637628991778,1.2748604041156952,10.3
6.0,25.738201674140534,-5.613033873247398,3.497836544543579,-2.136577608542977,10.3
7.0,19.71851241909001,-13.574358846832972,2.229199681539062,-2.9836312713817237,10.3
0.0,-2.721332377692736,26.590934088378958,-1.7095315706436018,4.692214274949729,10.4
1.0,12.46015775124398,20.793483219227305,1.281419821802996,3.431939765817781,10.4
2.0,13.008938218941642,16.641383866690948,1.086608997955583,2.0505081277792487,10.4
3.0,17.788451288494265,4.007605124471402,2.0455637196511254,0.2867168698400905,10.4
4.0,17.658370342881035,0.2764297884264044,2.653796400349665,-0.978952271026035,10.4
5.0,18.42294562037258,9.031892362054663,1.223252145108676,1.1733779873644672,10.4
6.0,26.09299734814774,-5.829541205637079,3.6120310812694676,-2.2779111768170908,10.4
7.0,19.95219939246317,-13.871931816257216,2.5000512660660457,-2.961421307704734,10.4
0.0,-2.87102581895814,27.060174817935977,-1.3544462277242812,4.718236424800927,10.5
1.0,12.594428651640026,21.15021727116064,1.3277789023580355,3.668252585155435,10.5
2.0,13.12422825284502,16.850323189277354,1.2386375484483918,2.1523444516803014,10.5
3.0,17.986709846981825,4.058819227396611,2.0138158049569252,0.7546749870620615,10.5
4.0,17.91437257411507,0.18676374022265385,2.536849301086815,-0.8232972636690647,10.5
5.0,18.545861225454438,9.151122518402747,1.204177267147748,1.0924249758055293,10.5
6.0,26.452549148242554,-6.064840500063883,3.5151340600151575,-2.343471228694915,10.5
7.0,20.18795232303141,-14.182733029245835,2.29121860080365,-3.308841118540172,10.5
0.0,-3.0089120981558697,27.534541123697515,-1.3864400664287162,4.715308615506648,10.6
1.0,12.724528007143043,21.524136508680286,1.314361496902473,3.7288156633298946,10.6
2.0,13.253500731662541,17.058045459219002,1.3651483782480756,1.9369992176198927,10.6
3.0,18.1931850648401,4.142368774474915,2.0580824875766646,1.0785132026408715,10.6
4.0,18.16958423312265,0.10809279796271376,2.493445213980858,-0.7103155769164318,10.6
5.0,18.66042320510192,9.260979958419355,1.050314497303672,1.2254880505572772,10.6
6.0,26.792999891005977,-6.298508983531164,3.3787753391994046,-2.394707912241425,10.6
7.0,20.41763131748887,-14.505091073494647,2.3082184266964543,-3.233089070026609,10.6
0.0,-3.155357266497761,28.000095108556952,-1.5472580030868972,4.687536330399291,10.7
1.0,12.85794934336822,21.907463845860985,1.4368787868438784,3.8324480098705282,10.7
2.0,13.375935975991592,17.23235690051957,1.1739455345834042,1.5846112923426496,10.7
3.0,18.407488966232982,4.254601174412785,2.251443707110662,1.098992788936668,10.7
4.0,18.42013996838736,0.034169019288338376,2.5777724436006895,-0.8502185635173777,10.7
5.0,18.769724647010957,9.38047752206835,1.005158586698,1.0816823761885697,10.7
6.0,27.13236556960984,-6.528783252584194,3.464828465459914,-2.227087347324739,10.7
7.0,20.64011135482597,-14.830202646816705,2.1011960633742612,-3.2456376268238527,10.7
0.0,-3.2860380208996816,28.46851634949169,-1.1761076789715097,4.651989179437091,10.8
1.0,13.006143930381128,22.292855919614414,1.5983003815427932,4.042561484050533,10.8
2.0,13.48215741046241,17.377884262430083,1.023148070079993,1.3759540571138345,10.8
3.0,18.62271967790724,4.365893681299826,2.0435451174518784,1.0660413886226043,10.8
4.0,18.68057784025381,-0.05764640605892968,2.7491000019229404,-0.8348167634051297,10.8
5.0,18.86024477848998,9.485152556112213,0.8564711029133274,0.9049699447647717,10.8
6.0,27.473470217765524,-6.7330760427557115,3.378360691057952,-1.947970935395575,10.8
7.0,20.847966961282598,-15.155737924656805,2.1150627961592137,-3.202541226021364,10.8
0.0,-3.405141888155603,28.913831007854714,-1.1828128585425535,4.461069362121637,10.9
1.0,13.17804945920199,22.70035745401328,1.6671994269914963,4.056834457393565,10.9
2.0,13.581532228336314,17.516216054353027,1.1406539550134331,1.3152821730422368,10.9
3.0,18.822257719469974,4.47470650940773,1.9490446657786529,1.1652381170444595,10.9
4.0,18.9548059404214,-0.147870626745644,2.7314533268361436,-0.9245882154088275,10.9
5.0,18.950733967649047,9.581370013587339,0.8483867218299659,1.066340909504818,10.9
6.0,27.817649636401022,-6.933429824786824,3.451292674340837,-2.069471129814221,10.9
7.0,21.047794431063732,-15.47155926276406,1.9892593264948768,-3.286040185792141,10.9
0.0,-3.540076751864909,29.3651026361696,-1.4819800026479295,4.566099547101112,11.0
1.0,13.35072915917059,23.105783420175527,1.7509792610900066,4.0542754559294,11.0
2.0,13.702629919461575,17.6563635030333,1.2216668201815994,1.297873155063785,11.0
3.0,19.028154295584557,4.592488186765196,2.1302289680211146,1.2500560871558153,11.0
4.0,19.23553431712044,-0.23565999434728635,2.859823297849491,-0.6896029808039769,11.0
5.0,19.026211503763005,9.714553363482601,0.7139803551599424,1.3786551538033025,11.0
6.0,28.152955894321607,-7.141574809515112,3.3809751022213472,-2.028518897802461,11.0
7.0,21.248465430607933,-15.79189381038378,2.043898410552216,-3.1407915985942756,11.0
0.0,-3.683063448173476,29.83945835777564,-1.4198861635604503,4.801064220643168,11.1
1.0,13.52316428027192,23.51177296029854,1.7927807595270573,4.08574725608079,11.1
2.0,13.827503916837241,17.782436712853105,1.3501893738189015,1.2752593108069457,11.1
3.0,19.235891264085666,4.7239762727962,2.0433055186566715,1.5159145973309371,11.1
4.0,19.512173926029284,-0.30519631855466933,2.770798404537134,-0.6865839353874718,11.1
5.0,19.092833080718524,9.849252538226468,0.6084244324518407,1.3016063512603007,11.1
6.0,28.483782757785,-7.339028988170312,3.2460398267386164,-1.8914620936143178,11.1
7.0,21.452740036453026,-16.097665476646785,2.0349115098368213,-2.939976916208869,11.1
0.0,-3.825625426256522,30.324570649617872,-1.3276276936060423,4.908122038121461,11.2
1.0,13.69570309546068,23.91725541358977,1.6713274047757878,4.15632898255524,11.2
2.0,13.960949596734741,17.914511066155693,1.2081283627815218,1.4566860953699468,11.2
3.0,19.44254004450651,4.874860923537938,1.9789089610405701,1.485035539313788,11.2
4.0,19.798885806150388,-0.38954416959635374,2.94203613596289,-1.0275223306758776,11.2
5.0,19.15207143466239,9.964979061216804,0.7475989364231691,1.0563889635096189,11.2
6.0,28.80855421905016,-7.531757619940895,3.228161539367064,-1.82620832070763,11.2
7.0,21.669832745690286,-16.38689045082639,2.0946692040561867,-2.949418388372096,11.2
0.0,-3.969616242835494,30.818905060378363,-1.5016013008224598,4.8367010874141085,11.3
1.0,13.86101969746855,24.342277004486675,1.536364779504468,4.293314577417366,11.3
2.0,14.068236575112115,18.057175587760284,1.1286660767438799,1.4832333804059283,11.3
3.0,19.646037993920388,5.029686237884796,2.0995248183394306,1.5821028255725833,11.3
4.0,20.097352523814276,-0.4857666385295518,2.9384466133095266,-0.9007934505096604,11.3
5.0,19.236597955834352,10.085856172346164,0.9037156466569665,1.1553508140321112,11.3
6.0,29.122487439921827,-7.727857084439305,3.13939577422413,-2.028153879576479,11.3
7.0,21.88432529859853,-16.683782265881103,2.209853558210833,-2.9883039835462295,11.3
0.0,-4.112340611911154,31.302744242418367,-1.4557338228836036,4.783691382612764,11.4
1.0,14.025915261129317,24.77486698966659,1.6421021277982688,4.34119076093004,11.4
2.0,14.175495812882295,18.210524825674174,1.0993446093536035,1.5231463730735273,11.4
3.0,19.838022724130536,5.187889945855305,1.8210655904808846,1.6429979733822415,11.4
4.0,20.401561474765487,-0.571185875869741,3.103795647128369,-0.9076134628217306,11.4
5.0,19.327450883174276,10.202978371402235,0.8903070441504105,1.1997817348950184,11.4
6.0,29.428563547444668,-7.931475691418371,2.958347143404881,-2.085137594628021,11.4
7.0,22.107691686310375,-16.982888140311236,2.2213159420758504,-2.8746473229496994,11.4
0.0,-4.2494139768887536,31.772482388206978,-1.351165497690924,4.650762547947695,11.5
1.0,14.191367454838137,25.208944940467457,1.7069153245594046,4.431292299406358,11.5
2.0,14.290253147350255,18.361741078274097,1.1673339861903995,1.5217579672314014,11.5
3.0,20.04157862240401,5.358071152855054,2.0513438749229915,1.6326322109587947,11.5
4.0,20.723290818762578,-0.6534054016618605,3.4219779149848146,-0.9010357859650716,11.5
5.0,19.42197191093249,10.329878205649463,0.98132773769397,1.334055103319113,11.5
6.0,29.72503964962838,-8.14583231470855,2.870134765089572,-2.266078533392973,11.5
7.0,22.344449086566005,-17.277004182352943,2.4729455716428577,-3.0208945611343796,11.5
0.0,-4.385989420200232,32.23907881746614,-1.327457068587128,4.58338343862117,11.6
1.0,14.354342566544705,25.648114131758593,1.7722116920577786,4.435967989830826,11.6
2.0,14.403271412591414,18.502655640359606,1.1622894383798672,1.3570949271403965,11.6
3.0,20.248549934155275,5.518000101802263,2.1221654219278085,1.6810137842592363,11.6
4.0,21.06002496194783,-0.7540713888745598,3.300232985293213,-1.0322255768629813,11.6
5.0,19.529106076046595,10.466865837028994,1.0336264315715482,1.498057384142805,11.6
6.0,30.010692061920288,-8.380499293006615,2.7625273488009388,-2.3094339950366454,11.6
7.0,22.60116530449863,-17.57956117798266,2.5886948064277395,-3.0471712424788535,11.6
0.0,-4.501419025411732,32.702789220564014,-0.9925338276459377,4.672055387003827,11.7
1.0,14.52672806905836,26.0882427827064,1.767296210088176,4.335438858027583,11.7
2.0,14.51909564709616,18.633783778068473,1.1800743550841803,1.3213927733888002,11.7
3.0,20.454032807351222,5.696345488000475,1.9743394863980726,1.9403160895588787,11.7
4.0,21.39275654991166,-0.8626795325056893,3.3974770492943542,-1.0741913634624085,11.7
5.0,19.636098518944866,10.61334715480404,1.131368190887499,1.3978743672651806,11.7
6.0,30.292069574793047,-8.615690212451305,2.8742734653369384,-2.37210456036287,11.7
7.0,22.856746771709258,-17.88858792226585,2.543563512529345,-2.962608449303117,11.7
0.0,-4.594949394295481,33.169705200820275,-0.9892815235970313,4.618132802374681,11.8
1.0,14.712219070265995,26.524293652452567,1.9786628193026468,4.278521394356115,11.8
2.0,14.626985640056699,18.766101864941685,1.0045077508561473,1.465491991349103,11.8
3.0,20.65574129157562,5.900983625103413,2.1273438250658114,2.035038650021404,11.8
4.0,21.735247124929028,-0.9814485223388854,3.465708242665622,-1.3960985441207652,11.8
5.0,19.74769293915527,10.75901575910299,1.0934372009565523,1.469249849793532,11.8
6.0,30.5769909181749,-8.85756309754727,2.7892525630747085,-2.3929687052794435,11.8
7.0,23.10784763531918,-18.180012037798438,2.405944345754397,-2.8716289218179036,11.8
0.0,-4.7047950103984615,33.62230825945051,-0.9922409186368262,4.444608802162522,11.9
1.0,14.916309646520961,26.96416712761915,2.1203090959021766,4.367217473393744,11.9
2.0,14.714993531683325,18.90242045507541,0.8472141984541466,1.2012042000605045,11.9
3.0,20.879273868097723,6.1015655762199295,2.3326168885987064,2.003222083456019,11.9
4.0,22.0871254664277,-1.1256982694346123,3.4656257071538654,-1.5850241401721017,11.9
5.0,19.87126228063009,10.89497227953976,1.3776095278757365,1.210795585277966,11.9
6.0,30.855603801073826,-9.10478210035198,2.778359228660255,-2.585033068136082,11.9
7.0,23.342178659171577,-18.467993663844023,2.3916751402352783,-2.7708798760043387,11.9
0.0,-4.801344239955915,34.0513935244341,-0.80620435830373,4.16966457117962,12.0
1.0,15.129216524152035,27.396545837956346,2.1186002615037394,4.2214135387800695,12.0
2.0,14.811855066780847,19.022762981960756,0.9695574704131116,1.1587422020308569,12.0
3.0,21.11567455638197,6.307111697831564,2.3781339958995877,2.1807740608753274,12.0
4.0,22.454673563690683,-1.2764362510586285,3.6830485056018456,-1.4290526475369907,12.0
5.0,20.015448956815497,11.013484559583112,1.503126068546901,1.10874693427244,12.0
6.0,31.14184584940874,-9.35421732130703,2.888156074055756,-2.541644185344941,12.0
7.0,23.584658832933126,-18.74333320011225,2.513959755100842,-2.6933911189405473,12.0
