0.0,10.218753519058396,-9.648131470200287,1.5308084989341916e-16,2.5,0.0
1.0,-0.6390218009656436,-6.088524193434671,1.2499999999999998,2.165063509461097,0.0
2.0,-6.403078455994002,-0.38591489298617176,2.1650635094610964,1.25,0.0
3.0,-3.1781596581687204,5.069446982253737,2.5,0.0,0.0
4.0,-2.3479997549716973,7.573862637927466,2.165063509461097,-1.2499999999999996,0.0
5.0,2.4413091932262043,10.065421039734488,1.2500000000000009,-2.1650635094610964,0.0
0.0,10.213934431015291,-9.395227110104466,0.010394916543288946,2.5117249233817485,0.1
1.0,-0.4956142640157859,-5.865552866283726,1.5054086777742777,2.2602028016988576,0.1
2.0,-6.182528431564277,-0.2517290030609711,2.332410056486977,1.317474455042805,0.1
3.0,-2.9486896603944643,5.077022438287909,2.230413467142209,0.04630833787347882,0.1
4.0,-2.1216645699587815,7.4557016195994965,2.351136510364774,-1.0941411579708844,0.1
5.0,2.560888855860015,9.863140378886914,1.1584792941160553,-1.9770281192366284,0.1
0.0,10.21377628734269,-9.145979866595239,0.05466747740842144,2.52352459172756,0.2
1.0,-0.3388772070876067,-5.640958982954024,1.6754692464078997,2.357427318855529,0.2
2.0,-5.943091140160957,-0.12123018501512561,2.4871863856913037,1.2671641274703938,0.2
3.0,-2.7233907462504536,5.097200869120327,2.3552751025790326,0.19172205865984301,0.2
4.0,-1.8893348955067104,7.344910651686425,2.377193898558197,-1.0976128746953417,0.2
5.0,2.6793106766648327,9.665002559871926,1.342392379951327,-1.9327163237563236,0.2
0.0,10.212323363392006,-8.899488685288047,0.04692305194520062,2.502198745210974,0.3
1.0,-0.1903053598755422,-5.409362129593039,1.458944938224393,2.3169839122945874,0.3
2.0,-5.70197619176113,0.0114163223753172,2.3364484838822843,1.2826651986351933,0.3
3.0,-2.4926560525237065,5.105617593425629,2.3752158185591448,-0.0402761761413534,0.3
4.0,-1.676367154638685,7.2330441484690375,2.0234066146675223,-1.073265148169234,0.3
5.0,2.813531790308881,9.457187051240052,1.4395124527566585,-2.038716488209721,0.3
0.0,10.226551066726316,-8.641704138258927,0.18592096683860276,2.6689736041856618,0.4
1.0,-0.04444572949717074,-5.178174181785113,1.5235657628343913,2.310610989944878,0.4
2.0,-5.477837280193855,0.12351365027223427,2.1260328945072393,1.0064428783541177,0.4
3.0,-2.252787507169476,5.0949471924471865,2.2596390809927724,-0.1425183189433807,0.4
4.0,-1.4689156954908693,7.1293148673462525,2.2486478572945194,-0.9758680108147717,0.4
5.0,2.9624673122911007,9.25929404629687,1.5409401959410933,-1.9092505612235664,0.4
0.0,10.242935533594746,-8.381813098803187,0.15345367303917098,2.593218962899674,0.5
1.0,0.10067651294580848,-4.929124949967044,1.379891002456657,2.602327313733902,0.5
2.0,-5.268300506205492,0.2267835021604192,2.0533504749082763,1.114745059111103,0.5
3.0,-2.027806330498043,5.082589491378582,2.12885465414685,-0.045425800464117164,0.5
4.0,-1.244968105707235,7.030726442765051,2.2688451317706027,-1.03272815797934,0.5
5.0,3.1085901644875307,9.053738999579608,1.3881679841553276,-1.979443342032145,0.5
0.0,10.27255835487841,-8.133684948287057,0.21157677589060736,2.360811771841346,0.6
1.0,0.24349991353497114,-4.673600838603364,1.4556208832414352,2.347244470791064,0.6
2.0,-5.0702280148874515,0.3361744674314826,2.0172405371366757,1.0721287756557873,0.6
3.0,-1.818253532881819,5.067990355088258,2.062774980233198,-0.3258775995497076,0.6
4.0,-1.019201386127973,6.9348753510172205,2.2478036189033377,-1.032924680440906,0.6
5.0,3.2469713538998946,8.852518913313858,1.3359707904091855,-2.0723012519123025,0.6
0.0,10.280588186554308,-7.89766168466946,0.009635203041504392,2.317681582537998,0.7
1.0,0.38647159573775447,-4.4417069366193305,1.3353141545518903,2.193305437611519,0.7
2.0,-4.87331970651972,0.4372730707067536,1.9538848596548828,0.9224325608249931,0.7
3.0,-1.6203003704215266,5.030960867643946,1.8804235255491388,-0.44861001483683427,0.7
4.0,-0.7869714286959688,6.834837838697258,2.461978668791834,-1.0313227268893321,0.7
5.0,3.370925875235872,8.652089603925937,1.2389040572505372,-2.043400953227176,0.7
0.0,10.269797939306608,-7.6725464426748164,-0.14003873279870238,2.2261826749745492,0.8
1.0,0.5187485121676376,-4.228992390466707,1.3312396477444925,2.045307517039289,0.8
2.0,-4.669902580475002,0.5306378027842831,2.020929136658865,0.8861484851751027,0.8
3.0,-1.4386728241576634,4.984298704356157,1.9761492748564808,-0.5693094151536849,0.8
4.0,-0.544728463271257,6.721041448750779,2.344381141646208,-1.2000930820843057,0.8
5.0,3.4882177976059863,8.449090386403888,1.1186805253782475,-1.9383340067098678,0.8
0.0,10.246481247932609,-7.431431229359113,-0.25027851654099054,2.622035203636398,0.9
1.0,0.6268226409413629,-4.029181364288957,0.9588352472081605,1.9858658945994405,0.9
2.0,-4.4648240693637415,0.6189985434290497,2.2098004105119795,0.9065507381492008,0.9
3.0,-1.2359538088362623,4.924390441315244,2.1642783570821846,-0.5353715606793301,0.9
4.0,-0.3207003254138261,6.602088964900508,2.2006847997774517,-1.2161387961903223,0.9
5.0,3.581534780561749,8.248146280300485,0.8375554467268591,-2.1224132531102833,0.9
0.0,10.236961028541346,-7.161358131023338,-0.022629546842576564,2.6596608497489447,1.0
1.0,0.7182862144267421,-3.819716096482858,0.9572610833897366,2.1449680113467218,1.0
2.0,-4.250014170174731,0.71490924252626,2.2125635775972055,1.067843393071185,1.0
3.0,-1.0186213199823193,4.881595992590915,2.2418987198761475,-0.30260087445475525,1.0
4.0,-0.10790639547860792,6.476251503263603,2.126395585494071,-1.3480963694549293,1.0
5.0,3.6750848389313893,8.035300482358227,0.9384879005404946,-2.1288387169755874,1.0
0.0,10.218489755621748,-6.897384953120156,-0.22483189537027193,2.60301194585794,1.1
1.0,0.8272621844898183,-3.590752036860496,1.1027270805591436,2.4221341202725277,1.1
2.0,-4.031695859929162,0.8147345955573373,2.180573163109316,0.9490848033564351,1.1
3.0,-0.7896995334651091,4.8543703078715295,2.3316635294923294,-0.13739365419579933,1.1
4.0,0.10435684561739045,6.341550095192486,2.159106798400009,-1.2568577749738041,1.1
5.0,3.764286795015755,7.820680427801892,0.8959582017142649,-2.2478575909566,1.1
0.0,10.195945716846378,-6.6315358597496505,-0.17205707894197794,2.6349920613993425,1.2
1.0,0.9380008771969335,-3.369342736617093,1.1961322723188523,2.071400211854548,1.2
2.0,-3.816448847946125,0.922174091793531,2.1177010575473263,1.2099884478032732,1.2
3.0,-0.550529210535613,4.848398081384244,2.47610756417213,-0.11946616749187518,1.2
4.0,0.3240569649762435,6.213161172702633,2.2121961567648447,-1.2664352433989476,1.2
5.0,3.855828718640878,7.593652911769348,0.9262016389885086,-2.2167915676377903,1.2
0.0,10.178987342980838,-6.371869030274398,-0.12998035137335384,2.580852603862541,1.3
1.0,1.0580700686046685,-3.1610956142320523,1.134630296594627,2.123702122682441,1.3
2.0,-3.5910837813766356,1.055269145919656,2.1481306661652155,1.3029129674983346,1.3
3.0,-0.29876417228812,4.842962534509933,2.5527589541170927,-0.024410028957323568,1.3
4.0,0.5350576723150482,6.093803856091628,2.0916822832703734,-1.1109133170164829,1.3
5.0,3.935657497730265,7.374553004410145,0.6693212717036474,-2.146328701618812,1.3
0.0,10.173605525719084,-6.112995063524542,0.06255041040026701,2.5296282290964505,1.4
1.0,1.1774374143527062,-2.960476514374122,1.3113738527880048,1.8732302230447027,1.4
2.0,-3.364892772458676,1.182505260767324,2.4252588733733114,1.2454279867664255,1.4
3.0,-0.044741829598551774,4.8361087872787465,2.5845545414647684,-0.062246129121011455,1.4
4.0,0.7444704666807311,5.97046942722865,2.0339696797352325,-1.251214904276229,1.4
5.0,3.981657286413464,7.156522489179962,0.49743296511717855,-2.18484002905858,1.4
0.0,10.158202690562074,-5.85502380946617,-0.1658730470005072,2.6693402502100048,1.5
1.0,1.3089743261004108,-2.77378345101235,1.316769727426477,1.8493273999504352,1.5
2.0,-3.12714706890245,1.2933273302669965,2.381642164931625,1.0757173776765885,1.5
3.0,0.20356690043683656,4.819432079143519,2.4745529946796765,-0.2829310322438522,1.5
4.0,0.9503950913420951,5.852319733617546,2.1071219554891427,-1.0055315893600452,1.5
5.0,4.035114735780055,6.934142594615683,0.6164449819726836,-2.141554568850145,1.5
0.0,10.133233695273507,-5.596894274086237,-0.29352174872952386,2.4995904610869024,1.6
1.0,1.4351714926302792,-2.5826238051395256,1.2777955661069709,1.9580645524728997,1.6
2.0,-2.8845278115233484,1.3868046012863129,2.456062185098643,0.852974676314267,1.6
3.0,0.45330865977908985,4.793121907644145,2.5241364834118833,-0.2645886348260327,1.6
4.0,1.1591779174371535,5.755856061460626,2.091271745126632,-0.8787131029677834,1.6
5.0,4.095184724092248,6.715337566743137,0.6373366328192647,-2.1767713805211892,1.6
0.0,10.103121406084831,-5.333304569694377,-0.28108179574461206,2.6280258815707715,1.7
1.0,1.5673084283803593,-2.3962173226567396,1.3207928970434295,1.8586570304393146,1.7
2.0,-2.6504422576752047,1.4650466252587409,2.2691869519058425,0.6317761312404795,1.7
3.0,0.7052819163621926,4.761113122454416,2.406535233425769,-0.358305957898858,1.7
4.0,1.3643997079885093,5.663433168903651,1.9844308314322603,-0.9781262989199614,1.7
5.0,4.164277749132418,6.491823885761188,0.7756506173861133,-2.0782727492439137,1.7
0.0,10.077978903533715,-5.078057254204548,-0.21672631646757337,2.5303261265934034,1.8
1.0,1.6975740911873105,-2.2168048126637414,1.1968456043277724,1.8500189578996873,1.8
2.0,-2.4123389269666022,1.5266383511555608,2.5015975634192746,0.7233534527425354,1.8
3.0,0.9404470622797891,4.734178782155265,2.3849433624374297,-0.14385634881468246,1.8
4.0,1.5671992086171755,5.555733403235709,2.0378061482018803,-1.0843653142123337,1.8
5.0,4.242279253407485,6.296378439592399,0.8142493198129964,-1.8834081333551407,1.8
0.0,10.05483435016156,-4.820870149245357,-0.334314000179099,2.5974368019952703,1.9
1.0,1.8213828453465384,-2.0258899171585254,1.3664768259576154,1.8714746076172586,1.9
2.0,-2.152257775453271,1.606202602923485,2.6539491332652703,0.810871396188054,1.9
3.0,1.1727494708255453,4.707151531874837,2.2291484496832483,-0.33239326982294093,1.9
4.0,1.7565351463115295,5.458225116896757,1.7810752662294536,-0.8551461537656944,1.9
5.0,4.318972321144441,6.1036242430453544,0.7787245651574906,-1.9858241012991458,1.9
0.0,10.000103972276635,-4.556076326584883,-0.8258758093144511,2.647336074840587,2.0
1.0,1.9578689597632297,-1.8484128800674018,1.2472331413422222,1.6131465134174956,2.0
2.0,-1.8950750053001109,1.678014498106239,2.3838261095526883,0.6681661173084165,2.0
3.0,1.4072569675877276,4.6714046873952615,2.4127291983227734,-0.31950902822623345,2.0
4.0,1.9332770159033785,5.368835227751013,1.8351853536445413,-0.8633912754282643,2.0
5.0,4.391742392176191,5.913352756375953,0.6582204646245134,-1.7144212984521336,2.0
0.0,9.90953617317447,-4.292044220957862,-0.9318391346041746,2.734502911952297,2.1
1.0,2.081596915779475,-1.6958023967796914,1.2227188876643775,1.4641394963394767,2.1
2.0,-1.6615109662494056,1.7388755007399395,2.3326046216847414,0.6269315948242471,2.1
3.0,1.6528275619926136,4.6322526223056295,2.5376822512919586,-0.5044876474935299,2.1
4.0,2.1051362846085393,5.27558376311186,1.722597878374003,-1.0541695893405814,2.1
5.0,4.448684301787952,5.750763447665448,0.574389607373456,-1.5772992430248929,2.1
0.0,9.812445475263582,-4.015606961516653,-0.9470503075224721,2.788293780710076,2.2
1.0,2.207606991741531,-1.552719165273369,1.3389454076727834,1.398938171302221,2.2
2.0,-1.4236368201130283,1.7953405395039592,2.373790770167508,0.5322912810971835,2.2
3.0,1.9137020216739051,4.579865366971482,2.6411318942297557,-0.5300079056822822,2.2
4.0,2.285995265886286,5.177126480896591,1.7554901806520538,-0.9749011856134946,2.2
5.0,4.506524513978345,5.588273250801741,0.6010797767349358,-1.6672469228291502,2.2
0.0,9.723622774561676,-3.7405958734123215,-0.9495126333235357,2.700377602291815,2.3
1.0,2.3568876031680053,-1.4056515617789342,1.4733686293588344,1.502209634765664,2.3
2.0,-1.1625738344121048,1.845848904288065,2.8922210119980933,0.5022380415058867,2.3
3.0,2.1768811424209256,4.5259056659326165,2.5293675441464103,-0.49221163063903217,2.3
4.0,2.465205847896798,5.080645501847914,1.8989290883990337,-1.0033992466789667,2.3
5.0,4.5612970960215735,5.420388359474871,0.5084128543095527,-1.7814583567086817,2.3
0.0,9.62609973332138,-3.47440843888811,-0.9052908913511913,2.6203846424354933,2.4
1.0,2.503315664856231,-1.2655386164505362,1.4724781344911932,1.3543868550850031,2.4
2.0,-0.8747633108373005,1.8996241596497896,2.8558105983955047,0.592912325147833,2.4
3.0,2.4322609138842983,4.469074079279192,2.5783442552676528,-0.5683581809167131,2.4
4.0,2.6509449728304704,4.983510301177121,1.8107464868610923,-0.8404041927882564,2.4
5.0,4.604195700084752,5.247643411559409,0.43505626114738144,-1.6843890614057495,2.4
0.0,9.542238150997473,-3.2135606738372586,-0.691372259506351,2.594674679813206,2.5
1.0,2.649847838533849,-1.1207683930988876,1.479689198373226,1.5570065055046938,2.5
2.0,-0.5959070418268944,1.9637601145283057,2.7948391983385164,0.6890672186194224,2.5
3.0,2.682675165778223,4.413860784962546,2.4913749084521033,-0.65310104594298,2.5
4.0,2.8296828722772887,4.902366028508215,1.91185892462316,-0.8921648974482534,2.5
5.0,4.657522623843431,5.085816238467692,0.6306525587437686,-1.4904215460696641,2.5
0.0,9.48039505943882,-2.9611813974061785,-0.7244990472122402,2.523822079005648,2.6
1.0,2.801900675235555,-0.9733810490014383,1.5217540416222974,1.3716488868907295,2.6
2.0,-0.324346470887515,2.0417281179087707,2.7989838859332985,0.9354315705448173,2.6
3.0,2.9319820956186096,4.355789619627627,2.3773975894384183,-0.5326033652109443,2.6
4.0,3.02457617805564,4.828524853164421,1.802949958369319,-0.5906493496963031,2.6
5.0,4.709969602571225,4.940201099803275,0.514635237607329,-1.4152636041130313,2.6
0.0,9.401963272202716,-2.7182069212715523,-0.8591341145658283,2.33140634138403,2.7
1.0,2.9587725962032927,-0.8170703727426698,1.6162944785801925,1.6769096840887527,2.7
2.0,-0.03370787243235007,2.1392148022193473,2.940447459074417,1.0035885537147293,2.7
3.0,3.171941924479932,4.3055380297038175,2.5562046880951,-0.4427121367679114,2.7
4.0,3.211967711742516,4.768636458498592,1.9513269126741393,-0.602250050467376,2.7
5.0,4.758429785764809,4.784233941184976,0.4517571254327198,-1.5795416741563795,2.7
0.0,9.309073565299258,-2.486831000682469,-0.9188108693640674,2.2747256106650893,2.8
1.0,3.111544499702506,-0.665177848960874,1.5149235989430765,1.4115185739041736,2.8
2.0,0.2600345157387407,2.227768267693188,2.96040499635984,0.8032729687446285,2.8
3.0,3.423844678573909,4.260209127160372,2.500337778923028,-0.5228368569273074,2.8
4.0,3.385698647160911,4.70036939826375,1.5323447280398672,-0.7061603667053296,2.8
5.0,4.808702964736025,4.624433634217887,0.5793866784930417,-1.5649971430981633,2.8
0.0,9.210871267192573,-2.2558431560893335,-1.0208160612309594,2.1816895812049597,2.9
1.0,3.2642542854311976,-0.530495599155528,1.4766794750909522,1.3374155263902348,2.9
2.0,0.5529215595311081,2.297644329238892,2.9924728662185913,0.6342913232099664,2.9
3.0,3.6724597722233945,4.211251668211857,2.4818826333905295,-0.5469777025257911,2.9
4.0,3.5373005648227354,4.63130608903817,1.5534510919997488,-0.6879480192172417,2.9
5.0,4.860810221879261,4.4729094480518095,0.4849861239851535,-1.5123865881020542,2.9
0.0,9.11174117688502,-2.0357662162685464,-1.0126238546753272,2.177644278668616,3.0
1.0,3.4275132306809786,-0.389933068166858,1.6529036940041926,1.4468474826482085,3.0
2.0,0.8498911504274904,2.3592700259559862,3.0436752298164826,0.5927694083841673,3.0
3.0,3.9062219000870115,4.1670055689844965,2.1845910501273114,-0.37742587766318164,3.0
4.0,3.6795625172345705,4.56599293759219,1.3926472552001063,-0.6663733332378441,3.0
5.0,4.922003179521662,4.315519024237047,0.715018233478377,-1.5346686584553773,3.0
0.0,9.012533471021406,-1.8159014026804585,-0.9814096251238669,2.318262518784974,3.1
1.0,3.586421173455106,-0.24015070464642374,1.6130141735443724,1.5272735483865494,3.1
2.0,1.1559286913716953,2.419958901551124,3.177597689460256,0.6552955844302408,3.1
3.0,4.103877963081492,4.13176686214336,1.8463513994246723,-0.3356616435232955,3.1
4.0,3.81614874462168,4.503459256183818,1.4090636291085197,-0.6277629088886356,3.1
5.0,5.0010400804837545,4.157605019413468,0.7945208035702233,-1.5816926617026033,3.1
0.0,8.90803982376637,-1.5841319691745643,-1.089517609289463,2.2652468970245248,3.2
1.0,3.7567921605084553,-0.09749428729326404,1.7861369165840397,1.4145785477132171,3.2
2.0,1.4741331646278075,2.4916319270308898,3.1754915324957063,0.8038397603149512,3.2
3.0,4.288689100760965,4.095502483999081,1.8922444163045746,-0.3238525662101227,3.2
4.0,3.960904879233855,4.439857644253106,1.5587663879733504,-0.6438678314307738,3.2
5.0,5.067045551817163,4.013449008294127,0.6054384713519738,-1.3186822198067194,3.2
0.0,8.798763184597759,-1.3544614751112696,-1.114018123060324,2.3465984234423107,3.3
1.0,3.926964748457229,0.05914796817005108,1.674958818717068,1.6594271121818178,3.3
2.0,1.8061554996950524,2.5694631019438168,3.3713847645359305,0.6589082806668538,3.3
3.0,4.485919816424332,4.070120340967497,1.8651060959743002,-0.27336070993515393,3.3
4.0,4.126065959997381,4.369938818191098,1.654102278723885,-0.7164358467093731,3.3
5.0,5.129927892517342,3.884889539434825,0.5419191297688064,-1.3157827187615032,3.3
0.0,8.68659136817694,-1.1127596778557622,-1.1041365843740845,2.4562181573101785,3.4
1.0,4.090756951415306,0.23366946027969693,1.5908991897920628,1.8229028457021104,3.4
2.0,2.1318212031492,2.630795420760842,3.242023756153231,0.4846493402670886,3.4
3.0,4.667526663014064,4.0478844700258225,1.6958306824051803,-0.22115418805086773,3.4
4.0,4.293820794046958,4.302236773358149,1.6858894659546786,-0.6495390471443269,3.4
5.0,5.197842827945146,3.764588053620881,0.7947731959615565,-1.1887478785474659,3.4
0.0,8.578710541960573,-0.8630288587547041,-0.9770963164687433,2.5147185167350523,3.5
1.0,4.246673853418647,0.4109298318292147,1.7225350933537769,1.7141695233287206,3.5
2.0,2.469595051720444,2.673315135254316,3.40296870914956,0.4151866989322434,3.5
3.0,4.844821571664553,4.034642667815021,1.7811285718359384,-0.1815946733275236,3.5
4.0,4.461821525380481,4.22724446140216,1.6526515897843144,-0.8796163015968544,3.5
5.0,5.292546275930967,3.649509029192486,1.1142954065425987,-1.0844193146856524,3.5
0.0,8.474622800522086,-0.5956159121330984,-1.1224341002173288,2.8392793069759974,3.6
1.0,4.417674451414316,0.5796429149869775,1.6943019402231905,1.6882209757965165,3.6
2.0,2.8015947885033166,2.716667755720382,3.2605513505694277,0.4051316121829606,3.6
3.0,5.0270591836417,4.0112634752863485,1.707647551821415,-0.3218432113795514,3.6
4.0,4.615049038018676,4.148947645733651,1.517550717251953,-0.7329593086717726,3.6
5.0,5.40596990584458,3.5366463849841443,1.0758207462629978,-1.1474893526809034,3.6
0.0,8.354206592770252,-0.30934267606257837,-1.1481881290815004,2.9379587344865072,3.7
1.0,4.588982218161817,0.7634252523685663,1.7298765819247606,1.9163783201501152,3.7
2.0,3.1187935413529657,2.767629535399616,3.1859106736395155,0.5616885414110137,3.7
3.0,5.196651993076271,3.972096056757403,1.706727700324056,-0.4792268935924304,3.7
4.0,4.759122957384337,4.073727829476773,1.4202590794060308,-0.7405808679808094,3.7
5.0,5.517522837608638,3.441017649576314,1.1430916249219094,-0.8631087316338211,3.7
0.0,8.234047447093221,-0.019851259663261178,-1.1776016967948049,2.695493149942259,3.8
1.0,4.760425697825813,0.943090832872294,1.796809719597756,1.8841870458693715,3.8
2.0,3.4313856811835404,2.822993041985434,3.040149686543412,0.5813417107159746,3.8
3.0,5.361786535935795,3.914814597950955,1.5724496426461567,-0.5206730039119613,3.8
4.0,4.90490340796012,4.004749466641207,1.424460838459668,-0.7046282811704064,3.8
5.0,5.646633901937318,3.37041064328408,1.3055017326683769,-0.5634299946194783,3.8
0.0,8.113496488515098,0.2357061663246247,-1.0866858111138844,2.437588272637609,3.9
1.0,4.939906321389619,1.1237779619226078,1.775107166444818,1.7331245847100045,3.9
2.0,3.725005004769766,2.871974647226266,2.80955853451679,0.4151660936670045,3.9
3.0,5.527349912875779,3.870014966952358,1.6298347240452928,-0.4162066065926627,3.9
4.0,5.046640934337224,3.913768116725792,1.336497423667582,-0.9946903429874387,3.9
5.0,5.774889655379578,3.318777488632257,1.2285916973930961,-0.32313407472745914,3.9
0.0,8.004730770511683,0.4858418899932171,-1.0307970019314254,2.515706780052276,4.0
1.0,5.110409459933026,1.2939938073142563,1.6214713256904107,1.5761566278282653,4.0
2.0,4.006968492135733,2.9091997831953833,2.8659482433819856,0.38150667766796154,4.0
3.0,5.68934290821657,3.831274615382382,1.5497204260270143,-0.4252877831638878,4.0
4.0,5.183876998081912,3.8228054061577215,1.5090546109609795,-0.837258726683964,4.0
5.0,5.889218291517655,3.2902922829473615,1.092273879626668,-0.1888743631173416,4.0
0.0,7.887028063301183,0.7224291075209544,-1.3855708099843573,2.4093985911423927,4.1
1.0,5.274599938095019,1.4522166864567159,1.705402204163551,1.6968780184358108,4.1
2.0,4.296956318816326,2.951054004541495,3.067366069756748,0.4769834637875247,4.1
3.0,5.844215783224701,3.7838937290890566,1.4216858806740533,-0.5153593943785117,4.1
4.0,5.33566652982597,3.7479671999797795,1.6036028297510232,-0.739622644792386,4.1
5.0,5.987376105876965,3.273525411184898,0.902687488024515,-0.13022102760283827,4.1
0.0,7.769208956975001,0.9672892501637027,-1.0081344943072028,2.5408627764072502,4.2
1.0,5.449103608348004,1.6211015271547695,1.7762566978945449,1.7128057638734777,4.2
2.0,4.602189575508053,2.9879149413580044,3.0585674560038454,0.2611882301414261,4.2
3.0,5.968924901848733,3.7222577005412436,1.118507422160779,-0.7367759403235923,4.2
4.0,5.50217591385603,3.6731390173042824,1.8220841175022082,-0.745492532771005,4.2
5.0,6.086707944953993,3.262610052279161,1.0595857740460988,-0.1318700289930573,4.2
0.0,7.66987643290822,1.2226312131051267,-0.9426164682917415,2.6834281773150925,4.3
1.0,5.622875525793432,1.785762130419596,1.7666050895189995,1.6152877269746941,4.3
2.0,4.9028591159712755,3.0147074249698913,2.822342501052132,0.20391869390335385,4.3
3.0,6.076195402370454,3.633190472556099,1.0515377073989054,-0.9986539523004208,4.3
4.0,5.677190808307283,3.581925165096874,1.776545333168142,-0.9954899522775891,4.3
5.0,6.193038144180142,3.25259912425891,1.0673943953960905,-0.06405917679603597,4.3
0.0,7.575662259137439,1.4926067476215297,-0.825863340256952,2.661896438057604,4.4
1.0,5.795756083289899,1.944384900424779,1.6690760302333283,1.4901858806971673,4.4
2.0,5.196757774158382,3.0367652457750602,2.9894318710940087,0.17534767890659342,4.4
3.0,6.196721016380353,3.5307996169559575,1.2837406440231962,-1.0781676035716896,4.4
4.0,5.862399080049759,3.487659569641412,1.9082867647501698,-1.012971480827918,4.4
5.0,6.303609618456809,3.2273549954143554,1.2434338106053846,-0.34681424974705527,4.4
0.0,7.488849244004317,1.7529683525801105,-0.8199584115682682,2.580731424240888,4.5
1.0,5.9639712502283455,2.0983577305747247,1.7890180095086459,1.4573336070982246,4.5
2.0,5.50080852269333,3.0368697353699043,3.1252906181885196,0.10233534357346351,4.5
3.0,6.328215931974036,3.429113096271135,1.2531518982361947,-1.0303149687183448,4.5
4.0,6.058984477963534,3.400749305538831,1.9037283131435396,-0.7512149205878967,4.5
5.0,6.4193677082173854,3.193653009003881,1.1182741829242953,-0.40535748057733023,4.5
0.0,7.415757426056545,2.0181204965588613,-0.7451850517433536,2.723358044899302,4.6
1.0,6.142426877808495,2.2553780442403872,1.8240139988659214,1.7082361796179897,4.6
2.0,5.808633354845751,3.0471530563804046,3.0483579168603594,0.16600939327842681,4.6
3.0,6.466224375394585,3.330558245399594,1.4180890388758534,-0.9696838751079437,4.6
4.0,6.2372467596104535,3.328801384478364,1.7723528593669833,-0.6865396694916899,4.6
5.0,6.532175662843239,3.151921847897172,1.129045151221511,-0.2834982071948697,4.6
0.0,7.328212569713219,2.2802770407096817,-1.0123766951765079,2.4611583337979965,4.7
1.0,6.3370959717166535,2.4378569122253557,1.994055438516954,1.9523231877464573,4.7
2.0,6.1180362137572075,3.0499914638260646,3.1069971303460853,-0.043829329513320775,4.7
3.0,6.6044271468893525,3.234620450995708,1.3499194301533513,-0.8299979466206728,4.7
4.0,6.418824213133549,3.2553926513214337,1.872741889264772,-0.7630080402536713,4.7
5.0,6.655174400244561,3.1164381005230735,1.2044003753953232,-0.40232628649454594,4.7
0.0,7.228337852938448,2.5278227801621913,-1.0916864398166908,2.4262891961057256,4.8
1.0,6.547188432722113,2.6274744028582355,2.2694926757392175,1.885840639560739,4.8
2.0,6.424371382008481,3.0343324749712317,2.8855384936463193,-0.22702636446072688,4.8
3.0,6.74221546390689,3.1483217354253927,1.3145705319758167,-0.8520885889859697,4.8
4.0,6.6124173063216105,3.1739182537374693,1.9127825328524828,-0.7579449410747171,4.8
5.0,6.774673487873969,3.0819215525311936,1.1227484108065484,-0.24804170885254065,4.8
0.0,7.116157462891644,2.7612531569192726,-1.1713890938963312,2.3178082119202283,4.9
1.0,6.769754740362452,2.816137055229406,2.3297325579488026,1.8611704034187564,4.9
2.0,6.719022296218007,3.013754514435754,2.916628071960734,-0.10617667570845897,4.9
3.0,6.873869786726813,3.074129536186339,1.364100406231746,-0.7025885174729737,4.9
4.0,6.810499491468061,3.0864052713862895,1.9531274686985498,-0.8874933697348893,4.9
5.0,6.887001682716258,3.048341263133996,1.1835414003183984,-0.4850980358632198,4.9
0.0,6.999999999999999,3.0,-1.2243739830614002,2.362371301983261,5.0
1.0,7.0,3.0,2.2072766020697823,1.8473419606557469,5.0
2.0,7.0,3.0,2.7207454627804313,-0.1396821826137802,5.0
3.0,7.0,3.0,1.2374175630823847,-0.8167268948515918,5.0
4.0,7.0,3.0,1.7401203610177232,-0.8808941271573973,5.0
5.0,7.0,3.0,1.1758897861903326,-0.383952004888395,5.0
0.0,6.86791323741072,3.2314900029016096,-1.2528879531539585,2.3085270656617696,5.1
1.0,7.225633992193827,3.1681173636859365,2.2127307449480966,1.6224329693333468,5.1
2.0,7.274906311506763,2.972311071776158,2.68268986946107,-0.434086970143551,5.1
3.0,7.1347295802092425,2.9155513726028413,1.4479632577430233,-0.889889764096129,5.1
4.0,7.1667195658457725,2.9052199139458343,1.549999560674936,-1.0465055996568318,5.1
5.0,7.117377809293821,2.9590356538820983,1.03842175520831,-0.4144087924845327,5.1
0.0,6.750530288858721,3.455440215869969,-1.0765498439338352,2.250833372180701,5.2
1.0,7.441730609676159,3.3390089850001052,2.114722659448516,1.680262984051401,5.2
2.0,7.548025072483064,2.9463946888327484,2.718459295059177,-0.22557357159551752,5.2
3.0,7.2820003581928745,2.838446659176424,1.4217512265033978,-0.6852060709656673,5.2
4.0,7.314779462737054,2.7980638467799426,1.4964416734658557,-1.1015419359165406,5.2
5.0,7.220111824840599,2.9180955491489144,0.9766164665040068,-0.2798636350801037,5.2
0.0,6.643475767066443,3.675159422548502,-1.1753533865546628,2.158505823655635,5.3
1.0,7.659527060958884,3.503377450880712,2.2436543262455286,1.5550264450520777,5.3
2.0,7.830071035902304,2.9181918539132945,2.7366735465691767,-0.27495438080605267,5.3
3.0,7.435143630857425,2.775604791074467,1.5673464066790532,-0.608516561297267,5.3
4.0,7.461891999138119,2.6951560100841325,1.3654317176980364,-0.9814710170241921,5.3
5.0,7.300007747358839,2.8993630337419534,0.8079697104407424,-0.06684039336709288,5.3
0.0,6.509159326459059,3.8910867956742585,-1.3698478591406016,2.1146608016428083,5.4
1.0,7.883736207203621,3.6662324108514417,2.231026917966498,1.5359181353242164,5.4
2.0,8.107372092728479,2.8945649188711533,2.8585043737615097,-0.2798893372634516,5.4
3.0,7.589995534403814,2.715367009990294,1.5207158042298694,-0.7191849831334853,5.4
4.0,7.5875095746133185,2.5949824691658145,1.2001682941647054,-0.9865812702563078,5.4
5.0,7.38304962556095,2.8958390942193803,0.8706905462928114,0.06198615677674782,5.4
0.0,6.362343123782095,4.096895927103737,-1.5545225524885822,1.818352286576253,5.5
1.0,8.127069199499614,3.8244158821229917,2.426680868178671,1.5398996378205059,5.5
2.0,8.401339891121374,2.8677427571036955,3.000567273093346,-0.3043122594473201,5.5
3.0,7.747545027301506,2.6453749284806243,1.5969423900752973,-0.7751141451673469,5.5
4.0,7.706030919911137,2.484366045580833,1.1940445616939759,-1.2016599067253557,5.5
5.0,7.460232589272403,2.8917931570210222,0.4777466134379773,-0.014310128071258962,5.5
0.0,6.205080900402951,4.281162143555526,-1.5028239244010044,1.7846884934886074,5.6
1.0,8.37197689833027,3.974341193780975,2.516531833281249,1.5210175089219524,5.6
2.0,8.715310985644148,2.835719927114563,3.1403092495206026,-0.3674616188636707,5.6
3.0,7.8895438231974735,2.576453812528262,1.3737906498883872,-0.6803597575057599,5.6
4.0,7.8205340246670305,2.366349701791371,1.1335120373994187,-1.3280733698328437,5.6
5.0,7.495256750655046,2.892273905635412,0.2597543124262539,0.00623996162753113,5.6
0.0,6.05768874930813,4.462945857348316,-1.4615187819617392,1.9599994265439495,5.7
1.0,8.62865320031765,4.120498901985238,2.7374715608421156,1.331633185089288,5.7
2.0,9.027471426487768,2.7970118100535157,3.2350806433833217,-0.425529922428342,5.7
3.0,8.037979375439999,2.5022967180005105,1.5371125233102747,-0.8826558930432218,5.7
4.0,7.940488300280583,2.2260071843809914,1.3245733282628271,-1.5205050608038952,5.7
5.0,7.51197566675186,2.893789412599997,-0.045636138575682994,-0.06573172211847222,5.7
0.0,5.914433078461512,4.648379999216408,-1.3986383228710584,1.8991391049970008,5.8
1.0,8.91310731519997,4.265065323779819,2.9264710796258444,1.5216931565714686,5.8
2.0,9.35819728767493,2.7469480921586933,3.3184306625924007,-0.517548553767105,5.8
3.0,8.208698595301684,2.415594217567452,1.7634057124663214,-0.907606800997606,5.8
4.0,8.086725945897248,2.0617765684836655,1.5439156778253713,-1.7286619776355272,5.8
5.0,7.512238143185062,2.8833575952958754,0.16151087324441815,-0.12859946612189127,5.8
0.0,5.784096014908965,4.846744542420619,-1.3010794204934013,2.1529874602176693,5.9
1.0,9.200955246888933,4.427041040290087,2.9221093553098343,1.6530067687292225,5.9
2.0,9.69147619897535,2.7026628060501565,3.362135557261605,-0.36465958207879323,5.9
3.0,8.379361310702688,2.3300710359733934,1.6317837878898565,-0.8599652699254718,5.9
4.0,8.233828721014858,1.8981673254839189,1.4845944850348822,-1.6435689923472527,5.9
5.0,7.525436982697789,2.883014691859326,-0.10370388607342113,0.048283047936767076,5.9
0.0,5.643050365488122,5.065469073967133,-1.4713087682032977,2.189751563574912,6.0
1.0,9.500796067954335,4.596416693046666,3.0198105214564186,1.7484641979305806,6.0
2.0,10.025162555472894,2.6576136013791056,3.271487649014455,-0.49504689086264286,6.0
3.0,8.545197854793862,2.254934455096628,1.5632908837541735,-0.7304406454123948,6.0
4.0,8.380337361936006,1.722079077160323,1.4118902328270515,-1.792958055983203,6.0
5.0,7.514512295397617,2.892188321627154,-0.06966202067701029,0.03833574416976155,6.0
0.0,5.504273990107912,5.269031607484823,-1.227543121062875,1.950214293905743,6.1
1.0,9.810047422699103,4.7656112946216025,3.0466651017879776,1.7354552804680645,6.1
2.0,10.36670573944469,2.613103572536862,3.4312307639690136,-0.5675834024512347,6.1
3.0,8.701842536275656,2.1780091048686985,1.5663493879333192,-0.7783718767607265,6.1
4.0,8.519133212284085,1.5572394220520585,1.3139943213106702,-1.5758636288723535,6.1
5.0,7.493550297391376,2.8870462937111045,-0.24079107198151,-0.10317199198783505,6.1
0.0,5.380250881982421,5.472741308320379,-1.2129183376498383,2.1694769219261314,6.2
1.0,10.107046947022623,4.925775277731475,2.9757686006632196,1.5839790151798814,6.2
2.0,10.71759803266615,2.5615250314136486,3.5622140380492078,-0.4148031647092788,6.2
3.0,8.846006806670363,2.092739039111772,1.3180496163282176,-0.8811363052882366,6.2
4.0,8.641858145507321,1.400210864123977,1.295211120735035,-1.5148200969174586,6.2
5.0,7.475878451771438,2.8705386746154975,-0.20088594315362882,-0.284980204662856,6.2
0.0,5.256622914021155,5.694392950518007,-1.2203887583501585,2.2110580043909462,6.3
1.0,10.406789952777057,5.09388681659184,2.961622692395247,1.8249267468624517,6.3
2.0,11.087890330842026,2.5108445456340025,3.830056167165291,-0.4089385853052693,6.3
3.0,8.976065184470887,2.0059303514664313,1.4035956257006263,-0.7792036775027938,6.3
4.0,8.79888592164376,1.250795782903595,1.73273792284659,-1.4570211341116213,6.3
5.0,7.450974939994361,2.834496796757314,-0.25777401414801193,-0.37221174886325176,6.3
0.0,5.123429094316576,5.932507404350691,-1.4903426935231785,2.4949562868334496,6.4
1.0,10.696107742540253,5.288962908567408,2.751741044249658,2.0462955058822296,6.4
2.0,11.461063365513702,2.4681052311140377,3.647399484060383,-0.34468009180963993,6.4
3.0,9.109101005213214,1.9293318609964478,1.3243234349158235,-0.7938837573909284,6.4
4.0,8.985005804137508,1.114270979667945,1.9440984182821368,-1.352866757684495,6.4
5.0,7.439698689714916,2.7983065999413794,-0.036879233218793106,-0.5265848119632366,6.4
0.0,4.969487653432029,6.186492436639236,-1.531629318920874,2.3896823956817133,6.5
1.0,10.962750212037452,5.482067234636494,2.5226895209403155,1.8272897958215288,6.5
2.0,11.826963048529853,2.438916084277026,3.6193051543262205,-0.32142482165552877,6.5
3.0,9.238409925115016,1.8573329944939472,1.4223671666093438,-0.7333004951160734,6.5
4.0,9.18085480787898,0.9938956232711688,1.8625180060425472,-1.135697316664935,6.5
5.0,7.440929831485631,2.74928021148217,0.2640817306596656,-0.5636430220493635,6.5
0.0,4.838286311321885,6.433696522960371,-1.1539943476235353,2.407368545968134,6.6
1.0,11.22141575717511,5.6598879774720965,2.735063580532435,1.7205096352726952,6.6
2.0,12.181440008665625,2.407894062666943,3.5647609153737645,-0.3563903374283968,6.6
3.0,9.376399336039983,1.7682612837267069,1.3382123128116763,-0.9531340252076922,6.6
4.0,9.382091512732929,0.8658486505686952,1.9486250438365773,-1.3816721741171687,6.6
5.0,7.48461975246266,2.7005853518170957,0.5167691425849272,-0.5376381513098183,6.6
0.0,4.716181977892994,6.673048506320007,-1.1540152664234018,2.451088661116029,6.7
1.0,11.484683572154939,5.831589775196874,2.5881721885125506,1.7868731434068752,6.7
2.0,12.529974058231392,2.3685291904274255,3.6132205930398023,-0.5672337038823412,6.7
3.0,9.51007815843202,1.655314450134456,1.2742028963922598,-1.2350590779376043,6.7
4.0,9.57111251473016,0.7319853152709652,1.893659144677359,-1.378781932424434,6.7
5.0,7.549668003045396,2.644938749047321,0.774989591171934,-0.6354741423876417,6.7
0.0,4.610588688627367,6.91422727059329,-1.1417031043930745,2.468053284380867,6.8
1.0,11.74781506097719,6.013198835772877,2.684923210332343,1.9155833488040275,6.8
2.0,12.886994159420881,2.3176854527105597,3.5517534082626434,-0.40476445671130057,6.8
3.0,9.623450638647233,1.5282047637098897,1.0384145173843542,-1.3431249275992658,6.8
4.0,9.75854278350439,0.5972015057508341,1.8750960606376879,-1.331823689896202,6.8
5.0,7.620202458308876,2.573659511687195,0.6789066903322262,-0.8405842356556043,6.8
0.0,4.507994560918291,7.1496486024672095,-0.9372670654063915,2.248246720276412,6.9
1.0,12.011166111636806,6.209302520609903,2.6080265587614826,1.8447859373856765,6.9
2.0,13.230974451214639,2.2812943260204115,3.389924145452781,-0.41369993366310776,6.9
3.0,9.746536128276338,1.3859821952169353,1.415888955272885,-1.4682826613445252,6.9
4.0,9.957094100649492,0.4673921236281422,2.060193769756009,-1.3069475430906834,6.9
5.0,7.679937054786932,2.4989195254081986,0.6014239440518881,-0.7002563597713944,6.9
0.0,4.414440034225793,7.371225678085709,-0.8215540346518775,2.1733740874435146,7.0
1.0,12.273610460281333,6.381295961001399,2.5318726857827065,1.6796630895469797,7.0
2.0,13.573645362613371,2.226217159333701,3.419969969320277,-0.6568430326031864,7.0
3.0,9.895881459970662,1.2284399181863281,1.5074626909066964,-1.6768814551711246,7.0
4.0,10.1569551084333,0.3269566037130326,1.9686458855160534,-1.416634230857873,7.0
5.0,7.752584594985531,2.4269854207284576,0.8510290101650908,-0.7999872681629754,7.0
0.0,4.331225416039563,7.584125139443493,-0.7755231835933217,2.104083247067364,7.1
1.0,12.51434436255252,6.538776860223436,2.357246788555627,1.51006209896347,7.1
2.0,13.920165719713381,2.1610102199578733,3.527182391126576,-0.6371279728091213,7.1
3.0,10.03667430156524,1.0743555216089375,1.3738555869413287,-1.4286937565915117,7.1
4.0,10.350763099792509,0.18422426829804572,1.944563361730799,-1.544398836161208,7.1
5.0,7.821271138829056,2.3512805376063945,0.6051596855957655,-0.7252562114552508,7.1
0.0,4.258022011879252,7.795309259633383,-0.6981192764232629,2.1843561181898297,7.2
1.0,12.75387155167008,6.693014486375013,2.282724803237992,1.5846549403706174,7.2
2.0,14.24470495666457,2.0948208886330604,2.9488345856734197,-0.6348103604807434,7.2
3.0,10.17535880341663,0.94159436911775,1.3893425043207268,-1.218494574851171,7.2
4.0,10.533052123969679,0.021430951267709553,1.7320224387091379,-1.7077350032568404,7.2
5.0,7.894499165465644,2.279144018358613,0.7669989515138524,-0.6856688614450734,7.2
0.0,4.187390759653358,8.005191534752475,-0.7691906352295048,2.021695763651468,7.3
1.0,12.984376519312725,6.862992140245362,2.291480327467022,1.7186612055699428,7.3
2.0,14.525503840414984,2.0401609626539363,2.6399737437722597,-0.5204715034064544,7.3
3.0,10.317142968347683,0.8198817782142465,1.2997146121625989,-1.2414087241214773,7.3
4.0,10.70118035342113,-0.15441741016293498,1.6731291910038704,-1.837114560779396,7.3
5.0,7.976949460630663,2.2191793246414955,0.8265011471805424,-0.684706385553944,7.3
0.0,4.100970693027423,8.20715765687362,-0.8940851953380288,1.9272034288690705,7.4
1.0,13.204867721531874,7.039289944828583,2.1602417501851794,1.663293033430565,7.4
2.0,14.79465756843296,1.9950555479790673,2.6809316872000846,-0.26684879416432594,7.4
3.0,10.431902863451564,0.6981283952988919,1.1718368202452067,-1.3265248881765592,7.4
4.0,10.864142886704691,-0.34190909470122,1.7220541691303002,-1.9475475137428806,7.4
5.0,8.047101567766967,2.1436350829787556,0.6328162469465269,-0.7788711496749257,7.4
0.0,4.002682532088913,8.403391666034475,-0.9757008481266708,1.8855225223937015,7.5
1.0,13.431191642529564,7.204568272863009,2.367482505737778,1.6371201652576264,7.5
2.0,15.059121962615304,1.9576832615211375,2.6923999142304886,-0.49913267051907767,7.5
3.0,10.56243347001918,0.5620945784533955,1.2990343809790263,-1.2835346266643033,7.5
4.0,11.023188821504542,-0.5498751106098181,1.6086163760759709,-2.1659270118804628,7.5
5.0,8.10571117681501,2.0643121694193725,0.5234930311834375,-0.6812170063888037,7.5
0.0,3.886567317891177,8.587145034389572,-1.1003193518452488,1.8672990634396218,7.6
1.0,13.66486478711258,7.364419608043285,2.287104409849955,1.5009305260156138,7.6
2.0,15.330083673271753,1.908921876046945,2.7024258563433854,-0.3789120785947323,7.6
3.0,10.698814872036829,0.44966424283948125,1.2502417172049227,-0.92630773473969,7.6
4.0,11.169771041580873,-0.7570871547054894,1.4024850313250763,-2.0582615391048757,7.6
5.0,8.153735848487875,1.9877311120086731,0.5167967267149917,-0.7897641064857167,7.6
0.0,3.779576692084702,8.76277668660804,-1.01938488859027,1.8660071239778462,7.7
1.0,13.896209520023188,7.496888244371418,2.4840126149204496,1.1225967718330667,7.7
2.0,15.586122765925495,1.8741876049472004,2.4672575045186447,-0.3377393778673086,7.7
3.0,10.817728596585921,0.3391419509621034,1.2890871156756083,-1.1502652312143427,7.7
4.0,11.31697863901498,-0.9549094201914252,1.4962833969469544,-1.9251533869281106,7.7
5.0,8.208621860388082,1.9022832909945966,0.5944250979209202,-0.9383368222989592,7.7
0.0,3.6783221830479684,8.968810813706265,-0.9680162422987406,2.1298139908824245,7.8
1.0,14.14639157323706,7.603956273500205,2.5722642284759805,1.0726676988698076,7.8
2.0,15.838590901702025,1.8312744682462938,2.4708997455408492,-0.42912724942938446,7.8
3.0,10.9563692055658,0.21200395484314072,1.4336206404849718,-1.2728803731784364,7.8
4.0,11.471212910380835,-1.132491296405371,1.580501986453812,-1.751049615948917,7.8
5.0,8.269464585837605,1.7999027909835825,0.5687203215470443,-1.0688549912118614,7.8
0.0,3.581302482287743,9.179603690624385,-0.9381500269870383,2.117063297035918,7.9
1.0,14.409983039255073,7.7279292373071105,2.6829606831620953,1.3498394527416218,7.9
2.0,16.073134457219663,1.7874562161890672,2.2111531463378857,-0.3538008332412219,7.9
3.0,11.09878793256689,0.08551855055998558,1.4437689326039571,-1.3081528441889176,7.9
4.0,11.625947372595792,-1.3003093592960508,1.4512639498419977,-1.6266929296970225,7.9
5.0,8.32683849103475,1.6987507977050988,0.5384970054928785,-0.9132319598835675,7.9
0.0,3.4869621445268573,9.388926555996132,-0.9437822886889731,2.1009086561701933,8.0
1.0,14.67602936510428,7.873036785156398,2.571531486602149,1.5363789362528486,8.0
2.0,16.30580940080155,1.7650063367957944,2.404652954118859,-0.11444190900111426,8.0
3.0,11.235483357288274,-0.03827300632664521,1.3374082537437781,-1.1434803234011999,8.0
4.0,11.762140111039583,-1.463200563579398,1.3822393207150352,-1.6291401192110047,8.0
5.0,8.371824630135942,1.6081919364901505,0.4073994719742332,-0.9103176758198772,8.0
0.0,3.3907714739680914,9.595684578162844,-0.9858211874704421,2.0649076126019983,8.1
1.0,14.949664289082929,8.029545786606846,2.7611333621291383,1.6854768225437544,8.1
2.0,16.559145079505967,1.7545126407850056,2.533885978093207,-0.021310209823363582,8.1
3.0,11.382243425524617,-0.1571092540395682,1.4439177645096377,-1.2623295560728873,8.1
4.0,11.899184845335897,-1.6247727556645561,1.3766854249122389,-1.7338976300934277,8.1
5.0,8.407409271138487,1.5130036432772171,0.21596335062889532,-0.9870416420724936,8.1
0.0,3.2818839569934966,9.801255761447097,-1.1843324138379834,2.013747442481598,8.2
1.0,15.217750493612774,8.207364176102919,2.7003687966415453,1.7502430437929382,8.2
2.0,16.822230990368254,1.7627381761690462,2.7844551244651856,0.24320432430041267,8.2
3.0,11.51555425145675,-0.2685859164677007,1.3310555053266853,-0.96372784967467,8.2
4.0,12.028560433669476,-1.804232561269657,1.3672764056997402,-1.749661712674686,8.2
5.0,8.42557786419395,1.4191535105364057,0.012523090301877371,-0.8669670017733753,8.2
0.0,3.164851676367112,9.998757657924184,-1.1540186510803017,2.0318444565041154,8.3
1.0,15.505003706144873,8.389088784381913,2.8942295394750563,1.6803221561409585,8.3
2.0,17.10913033208694,1.783135044092547,2.9611156755190384,0.20710443351785968,8.3
3.0,11.644631532341366,-0.35879890303052786,1.2406972801910827,-0.8838220647571465,8.3
4.0,12.17767648010473,-1.986388574907586,1.4902469373808,-1.8141272546698775,8.3
5.0,8.424913413970904,1.3237186947532522,-0.07586088479265851,-1.116100509950033,8.3
0.0,3.0590059415531137,10.189489393845983,-0.914248809600213,1.920881365582871,8.4
1.0,15.78860190102464,8.562226852891815,2.911571711993629,1.6552758275735486,8.4
2.0,17.391442047574763,1.8001588386886187,2.6373169105051018,0.10202604627126778,8.4
3.0,11.775399862068898,-0.4651630312398023,1.396076163157697,-1.0271857869567347,8.4
4.0,12.318801817770026,-2.1734161092846342,1.3976362895359866,-1.8735896510560464,8.4
5.0,8.435019068238626,1.2115661506322937,0.22841641704322307,-1.1335717080545833,8.4
0.0,2.9672864470478855,10.376284248470762,-0.9355028616465624,1.9235166889762698,8.5
1.0,16.066914028801264,8.724913860938667,2.6895518257087523,1.4999767764910248,8.5
2.0,17.646201131843164,1.8173177928966444,2.5359825317123064,0.22502375999904628,8.5
3.0,11.898360739410956,-0.5539064389633008,1.1942943518560523,-0.8484596143576482,8.5
4.0,12.459996726080472,-2.3601399473247193,1.3836698812982164,-1.8011740667525054,8.5
5.0,8.450676057083044,1.1030120024583754,0.0922818186648085,-1.1391342083397675,8.5
0.0,2.872181642872027,10.575290945973506,-0.9270149730353255,2.0353422533271353,8.6
1.0,16.3401884570299,8.875419382801848,2.6750154276763554,1.4974938384419487,8.6
2.0,17.90630374052096,1.8386987868506752,2.574317363633324,0.2975415588439656,8.6
3.0,12.011842040109482,-0.624303136357784,0.9228631285629978,-0.6581891608227415,8.6
4.0,12.588474534650427,-2.531073628930451,1.3081948018636782,-1.7581382835957058,8.6
5.0,8.465287424602435,0.9917076343097444,0.07879311614341966,-1.2054552029518795,8.6
0.0,2.7632241881171513,10.778193229766684,-1.1329160766405029,1.9639643915030993,8.7
1.0,16.61679308047382,9.026648852420083,2.7557037417706063,1.6864988110248766,8.7
2.0,18.16837908480195,1.8621273262190563,2.6738789166055676,0.29792707759067355,8.7
3.0,12.089158466394153,-0.6791880588580952,0.6680760763548125,-0.3546177257273051,8.7
4.0,12.732254983764408,-2.7115115219667016,1.548828419571659,-1.8334330179801428,8.7
5.0,8.476135256108734,0.8656741455404331,0.13867644417656272,-1.2476764287176314,8.7
0.0,2.6569063394459826,10.97273363959549,-1.148300457795234,1.9814291925910321,8.8
1.0,16.887762650855166,9.200834120290509,2.707267643251625,1.8344210405333596,8.8
2.0,18.42307901124582,1.8876630930022964,2.431230184161113,0.20002816717071606,8.8
3.0,12.151335462450858,-0.7073510146373625,0.6043072918682942,-0.08282519439147079,8.8
4.0,12.872227560192785,-2.8912295795379785,1.3744364193428955,-1.825202939495473,8.8
5.0,8.492659188029961,0.7466318386243791,0.17849415412069564,-1.1983401562933946,8.8
0.0,2.525440253992449,11.17627969887482,-1.4164292659891213,2.14887482719854,8.9
1.0,17.149140186182322,9.385140258657604,2.625816380498197,1.9205908812736923,8.9
2.0,18.672103189644574,1.9193241743545135,2.376327979745792,0.33262819390307785,8.9
3.0,12.217643957954893,-0.7203703153328869,0.6750706097706373,-0.17604473047491997,8.9
4.0,13.00309982967724,-3.069763041597943,1.179193925550866,-1.7609049444641076,8.9
5.0,8.52062055394088,0.6165262276764512,0.3826738880114834,-1.4934145101924634,8.9
0.0,2.391559906792793,11.387963472671503,-1.3491947293522297,2.091736042917455,9.0
1.0,17.406216339734794,9.585672417647439,2.4620881255369786,2.073530360656396,9.0
2.0,18.9178010907763,1.951497216532628,2.4729195521063634,0.21942765983601956,9.0
3.0,12.274700001723096,-0.732099419990857,0.5011389536037619,-0.03348628621074845,9.0
4.0,13.140107151326191,-3.25199348133326,1.479892416895735,-1.8910886291220335,9.0
5.0,8.554025613109365,0.4617788027669907,0.2222835647975587,-1.6405564127002248,9.0
0.0,2.2565579601263197,11.585492774364463,-1.2926542962396603,2.0775234847358073,9.1
1.0,17.659019960019247,9.786254277239788,2.647333054341455,1.977216109627914,9.1
2.0,19.16735390391548,1.9741274634890424,2.4292986412080926,0.3054805904301154,9.1
3.0,12.323174098377944,-0.7277388469252353,0.4970358516272021,0.12288786545078548,9.1
4.0,13.297252126932573,-3.4327411943052564,1.5950244240632574,-1.6948875499808558,9.1
5.0,8.570913200655939,0.3079683879302877,0.12634030835811977,-1.4651278091184894,9.1
0.0,2.122334500452876,11.798592045557282,-1.400371962687979,2.146862707430889,9.2
1.0,17.93052929587735,9.992679427645548,2.714942170173159,2.1387363716055323,9.2
2.0,19.416932758742036,1.9958843908934063,2.5520462668280124,0.16674062931629188,9.2
3.0,12.36195126923808,-0.7262674425751774,0.34084393823528847,-0.014643258770165868,9.2
4.0,13.462653777735675,-3.598960688953597,1.7245905110386013,-1.6576848705985547,9.2
5.0,8.57173274702926,0.14828191390168888,0.02150875781124284,-1.6126820450793198,9.2
0.0,1.979233187399359,12.022795501087923,-1.3990132840217044,2.3667612001589187,9.3
1.0,18.192300030163295,10.19842636128554,2.4199372431255513,2.02820461935512,9.3
2.0,19.688123909299193,2.0047992773833627,2.78793437651617,-0.013391374014585677,9.3
3.0,12.397774431809596,-0.7336661410721499,0.46929422548961675,-0.09428581626281056,9.3
4.0,13.620302815185308,-3.7655508214150357,1.4405899253154248,-1.6639957898230449,9.3
5.0,8.576070559445624,-0.011078713983359356,0.11997710573899277,-1.4919772259445527,9.3
0.0,1.8553006695969678,12.258616776159533,-1.220676377541419,2.3668538972395,9.4
1.0,18.432060599354195,10.409223045059907,2.2861975046516485,1.9360130703160516,9.4
2.0,19.971352574864532,1.999351687725428,2.7261767177492455,-0.08464242529842061,9.4
3.0,12.43908509124149,-0.7360814455949214,0.4298188448802125,0.03696455357266777,9.4
4.0,13.77494127443454,-3.9389962013462565,1.5797411974527193,-1.8023258813675171,9.4
5.0,8.578479926941382,-0.14933651368673395,-0.061903155152199504,-1.4157784771495479,9.4
0.0,1.7369479430105468,12.514290452781035,-1.267006137921687,2.5360727448491596,9.5
1.0,18.656558151976117,10.584900784696845,2.07310294818826,1.7240387855374513,9.5
2.0,20.242360854731608,1.9736151777626296,2.763411237164739,-0.3456922580027686,9.5
3.0,12.48970610744352,-0.7261489011605722,0.5370508300141349,0.22809152274287664,9.5
4.0,13.936815583464625,-4.127562331009872,1.6614818514522796,-1.8856650169954206,9.5
5.0,8.568726774205052,-0.2969991362527442,-0.04477432794885698,-1.4378896357276514,9.5
0.0,1.609912159104919,12.75506317744219,-1.222707829298896,2.4068623563690945,9.6
1.0,18.868547589836655,10.747789835757985,2.1269730369804924,1.4997252544354411,9.6
2.0,20.519398393483222,1.946174197908757,2.713499411537917,-0.21991817276953626,9.6
3.0,12.538273914742321,-0.704567840120875,0.505570110156463,0.23706233297396134,9.6
4.0,14.100530243191907,-4.320631656250381,1.7239200115020448,-2.0354720608166494,9.6
5.0,8.570284466185482,-0.4374539423682865,-0.0445028980962594,-1.3059514837776391,9.6
0.0,1.481436936108297,12.993163176617296,-1.4481147511901327,2.3614989657616854,9.7
1.0,19.08487828126792,10.894932334282942,2.1160544993572996,1.5683562744410398,9.7
2.0,20.803545560167713,1.92650311972842,2.922638981007561,-0.2156016279380699,9.7
3.0,12.581489933822866,-0.7032151906133413,0.3632983587791476,-0.05217589943499362,9.7
4.0,14.269824968576842,-4.5293341524314865,1.6405588713731427,-2.0590398785109136,9.7
5.0,8.578998981452843,-0.5660417562750316,0.21895587968274144,-1.2843696284556363,9.7
0.0,1.3353158710736643,13.234089506378899,-1.425154978167086,2.4624242097302163,9.8
1.0,19.301163138719744,11.056185969623781,2.1212850313649896,1.6686199997188023,9.8
2.0,21.10771454814271,1.912607183637634,3.0878914019038772,-0.07726714674411578,9.8
3.0,12.615677214346414,-0.7275785134139685,0.3133673591460038,-0.28295116406681287,9.8
4.0,14.432929627554795,-4.727763059923967,1.571175931879682,-1.9932809370056488,9.8
5.0,8.613889800643703,-0.7111925324961356,0.3651597603975114,-1.4995854930602164,9.8
0.0,1.183372358718012,13.498191028611268,-1.4701111856134592,2.707744228674718,9.9
1.0,19.503279245306043,11.236789425466034,1.8598560573909744,1.8176618188320124,9.9
2.0,21.407756855379183,1.893523078563483,2.8107872022555833,-0.20044780402294476,9.9
3.0,12.643612672797211,-0.7686423321631279,0.13451647119493965,-0.39818214314344874,9.9
4.0,14.58365115874712,-4.91564072709235,1.4382397334979384,-1.898762930192013,9.9
5.0,8.652592152260848,-0.8532903606724308,0.48801229576067107,-1.4191273517882192,9.9
0.0,1.0368576255725515,13.762500402776018,-1.5086080201511805,2.7076103565001683,10.0
1.0,19.67690573833088,11.404093842943649,1.5660961073063213,1.6473081268154623,10.0
2.0,21.69540200018001,1.8628288235983463,3.0445236480556934,-0.313906931744101,10.0
3.0,12.655329499097803,-0.8143938497529533,0.07021363116280391,-0.44363075815046304,10.0
4.0,14.7289448636024,-5.108074592357231,1.4892215293690367,-1.969828349278944,10.0
5.0,8.686927605485899,-0.9819335950435796,0.2151887500225959,-1.2353649692997226,10.0
0.0,0.8908054610573224,14.04308592756473,-1.5229304318258137,2.7366946040087288,10.1
1.0,19.84152486901995,11.580676862970865,1.6438969611993441,1.7674358067053992,10.1
2.0,21.984564639714762,1.830263601790338,2.7752391416005784,-0.32900646497620567,10.1
3.0,12.655254632751626,-0.8552000149865231,0.0005495069586474305,-0.41533977744877626,10.1
4.0,14.881791596046217,-5.2963708545694255,1.601291711412198,-1.6821816875427644,10.1
5.0,8.715928075906424,-1.0951957462946442,0.24895704952350817,-1.0494213349623387,10.1
0.0,0.7422739895680319,14.312639910320634,-1.4113344190778823,2.6284664410568457,10.2
1.0,20.007893816249762,11.752046064412134,1.6276622887322971,1.7600509775991697,10.2
2.0,22.255473053965183,1.8025807684129003,2.64084724315857,-0.2960248798479323,10.2
3.0,12.654901840287305,-0.9088811171126139,0.004274625673714394,-0.6493688248933793,10.2
4.0,15.040251466293782,-5.470512062901638,1.419160563357573,-1.7644228881097173,10.2
5.0,8.73400293662036,-1.177517638704551,0.08916351406219536,-0.7163094183630948,10.2
0.0,0.5970502123447261,14.561039601442687,-1.430740472972147,2.4446898728642372,10.3
1.0,20.166793587135402,11.930445944568117,1.5786236871053294,1.8929025413178482,10.3
2.0,22.518205190505206,1.7802740967612918,2.5050931637740037,-0.1359825656001484,10.3
3.0,12.654747565300406,-0.9690423004866275,-0.09667576539421402,-0.6181448173354303,10.3
4.0,15.189291441204823,-5.658014802299479,1.5238123121978575,-1.8956608942180704,10.3
5.0,8.740281795650494,-1.2511800702208755,0.1468068531172917,-0.7638003546726801,10.3
0.0,0.45737292050351286,14.797014713226499,-1.3865108891911155,2.2732292457162635,10.4
1.0,20.317783330676896,12.119028431753796,1.4704993848943764,1.836527431229605,10.4
2.0,22.767732227560025,1.7761625609397536,2.450412433241889,0.03181930720133966,10.4
3.0,12.646619676872405,-1.0240469725599164,-0.037121046250475916,-0.5533921730372119,10.4
4.0,15.344626573043548,-5.832678287161108,1.6123008590288441,-1.564278057717842,10.4
5.0,8.75409259046725,-1.3414069206203756,0.1833654927796155,-1.1019881478783646,10.4
0.0,0.3133321562743099,15.026306812133202,-1.4199054494429846,2.2930037631087297,10.5
1.0,20.454636557195,12.315269856537611,1.247740199075095,2.079123190411521,10.5
2.0,23.017884922274142,1.7867070260477549,2.5544945340681453,0.1464519232797587,10.5
3.0,12.658120166485759,-1.0763302911930834,0.17682833937128026,-0.5009212554050366,10.5
4.0,15.503368318722178,-5.9867051619331715,1.649478289330627,-1.643003516347396,10.5
5.0,8.769054531884697,-1.4609711465805235,0.07276978600134763,-1.3077586407361645,10.5
0.0,0.17924396640573192,15.263955816728618,-1.175706286570296,2.540881953903517,10.6
1.0,20.57547449767053,12.520042666477565,1.156248060120642,2.1364938971749026,10.6
2.0,23.26458008754573,1.801001681582691,2.4060781119510617,0.24914369366088823,10.6
3.0,12.690068102075337,-1.1211950116592044,0.46255279989533393,-0.355879690152306,10.6
4.0,15.67058732088009,-6.149736604730988,1.7456542877486072,-1.736734469522327,10.6
5.0,8.784684567549636,-1.605287397808973,0.16267226685190872,-1.5573064614941714,10.6
0.0,0.05480443870376739,15.506703322588631,-1.3317370920993417,2.370835851653298,10.7
1.0,20.695334647524174,12.720325747192785,1.2418184415244902,1.8802244885501256,10.7
2.0,23.50918224586146,1.8229495405138936,2.4540768220072584,0.16169685637375536,10.7
3.0,12.73491943380811,-1.1560185471360036,0.44049927934262123,-0.3382661651118351,10.7
4.0,15.851320004194154,-6.311007240924062,1.7261850501910556,-1.6177411300095939,10.7
5.0,8.799496596082825,-1.7693799045040373,0.21876556593148488,-1.688253417444098,10.7
0.0,-0.07100405097663298,15.729448830986762,-1.1622864359341354,2.174192435641876,10.8
1.0,20.80193963820382,12.904890140644682,1.003792325827648,1.888828267888504,10.8
2.0,23.75744697335717,1.8201572006220053,2.356407681859581,-0.1479965049928229,10.8
3.0,12.777325015610877,-1.2004170524248572,0.4325793691084065,-0.5015269693274019,10.8
4.0,16.021075319890016,-6.473765784026275,1.7156215095257712,-1.6110096984877085,10.8
5.0,8.821626958982742,-1.9404541086090328,0.25275336021708994,-1.833729811153808,10.8
0.0,-0.18409266356323783,15.943151186298772,-1.1625984476923918,2.243527713711272,10.9
1.0,20.89960605239436,13.103220157962614,0.9810622429495719,2.0145365386101326,10.9
2.0,23.993054085590387,1.8065709349224903,2.322359211089869,-0.15747576784240355,10.9
3.0,12.819338635328203,-1.263422796688749,0.47773485375139013,-0.6955844862275813,10.9
4.0,16.191701281045354,-6.630236664303617,1.7156644145367412,-1.6774366866597852,10.9
5.0,8.838402439654924,-2.115677233719307,0.10048138112520472,-1.647445859400655,10.9
0.0,-0.3077272615705944,16.171601707662134,-1.3864164355430721,2.2678903200650007,11.0
1.0,20.9944145867045,13.315492101704582,0.8146884671141388,2.229009614045815,11.0
2.0,24.225123729728566,1.7981132737890801,2.172842049411083,-0.13388448826726582,11.0
3.0,12.858887674430587,-1.3320973381611028,0.3194935268148444,-0.6279179153840266,11.0
4.0,16.368524679333305,-6.810035944677393,1.8493892363215296,-1.9431156040861493,11.0
5.0,8.833351451225505,-2.2720758641773284,-0.12748677723070473,-1.5274657932903402,11.0
0.0,-0.4504793068774866,16.386148196571195,-1.4629935375267529,2.0765325975605107,11.1
1.0,21.088460770136475,13.535677077502001,1.0446662511170395,2.047466170063771,11.1
2.0,24.456492313937872,1.7861465154932752,2.2934004629519946,-0.08983043908708709,11.1
3.0,12.887682209388753,-1.3885334179464737,0.21713269818226114,-0.48062560121132625,11.1
4.0,16.562176088701143,-7.003200249501724,1.9020336447144737,-1.956712408132803,11.1
5.0,8.81874977679777,-2.4351382311753706,-0.16280461553201286,-1.6625732479046047,11.1
0.0,-0.5961294260698331,16.599096985958603,-1.530332577951445,2.132764490840106,11.2
1.0,21.193654208259765,13.74267853330845,1.0721482681990295,2.0787686078897925,11.2
2.0,24.67593614746174,1.7838420935501338,2.0676304358226165,0.05033058559848046,11.2
3.0,12.906773637502493,-1.4208557103974027,0.232058043033647,-0.28432613402631646,11.2
4.0,16.757993466199874,-7.213681672229901,1.9577215827735936,-2.2354465743322574,11.2
5.0,8.80371006406088,-2.606672342832506,0.031477922761335236,-1.7286654656576494,11.2
0.0,-0.7646768338898049,16.821238467708184,-1.9419809259140899,2.285245731617383,11.3
1.0,21.29505428945952,13.934773900357143,0.9679055776614334,1.7445621260674367,11.3
2.0,24.87441272113034,1.7944377265032356,1.8701902326635746,0.09804905204157507,11.3
3.0,12.933845308224308,-1.4504613352846958,0.2998056404282353,-0.15917167745886884,11.3
4.0,16.96073965141403,-7.4504294390982775,2.184856147956737,-2.4531568444436553,11.3
5.0,8.833506305835968,-2.780854720751145,0.39526498934779597,-1.7810107125909995,11.3
0.0,-0.9510802548837791,17.059941309366266,-1.6994711847179538,2.445337563291411,11.4
1.0,21.40367121761286,14.110536665365796,1.2734123650619535,1.6716449229122488,11.4
2.0,25.067025170236377,1.8023208918624398,1.983508438541157,-0.028861355943259587,11.4
3.0,12.974135619047683,-1.467899562883857,0.4453788609674613,-0.2212572637491353,11.4
4.0,17.18346060245436,-7.687887451524514,2.3225960152760305,-2.2684053248126532,11.4
5.0,8.873485935140343,-2.942188359971475,0.42742447047008447,-1.4836986518359743,11.4
0.0,-1.1262898745536667,17.303130179274945,-1.8126204850358456,2.472273322666147,11.5
1.0,21.520937780050026,14.28336268281004,1.1793058468288322,1.7958756597047043,11.5
2.0,25.273108577464058,1.7994912702661257,2.1035610729547107,0.02195667677278218,11.5
3.0,13.014192890146155,-1.4828092130322101,0.3765862695076846,-0.13057712580312128,11.5
4.0,17.411245468622347,-7.9166233312777425,2.296145128403057,-2.2080623986338064,11.5
5.0,8.908069910436383,-3.0933018400165313,0.22933861770708688,-1.569725850764091,11.5
0.0,-1.3065752235144377,17.550304192282123,-1.7348497800746085,2.54560950271299,11.6
1.0,21.634099522073903,14.462485650651903,1.0362362909961091,1.913594304730592,11.6
2.0,25.492108571087428,1.8124185972942541,2.127958105321897,0.16589522779167024,11.6
3.0,13.054174159421478,-1.4884090312413631,0.3300313450542495,-0.07308515796391601,11.6
4.0,17.631181332467648,-8.14652802900493,2.1900357964549007,-2.383574392673726,11.6
5.0,8.930415639727048,-3.2287870214665233,0.2395162156764145,-1.1773298049097651,11.6
0.0,-1.4845392981831989,17.8075699176177,-1.7416543459721174,2.532179724636008,11.7
1.0,21.742000970469988,14.658530895220018,1.201148249020991,2.081890679498816,11.7
2.0,25.70230080905087,1.8253822248642555,2.109848272205956,0.053904609488639385,11.7
3.0,13.072747623552925,-1.4898919020286172,0.25995742817527095,0.1011098616146664,11.7
4.0,17.862927910864673,-8.399310220090465,2.508987419075558,-2.6471533694343288,11.7
5.0,8.966054702190313,-3.332975755914363,0.297924015329575,-0.9570471100025112,11.7
0.0,-1.6489274500511062,18.05596292929483,-1.4782327267278161,2.421414747126543,11.8
1.0,21.8662524799687,14.871940685262807,1.2850238179181277,2.2655285411480666,11.8
2.0,25.91096240744229,1.8169728451725522,2.048575764567181,-0.20004560618308032,11.8
3.0,13.103744119390003,-1.4958336139531978,0.2629350324806785,-0.2047612579534775,11.8
4.0,18.122139007312914,-8.665875921736632,2.718116447084297,-2.632029994437452,11.8
5.0,9.001968049964448,-3.4324181758581784,0.3711031443426895,-1.1398332339084574,11.8
0.0,-1.8101011574841959,18.307867954875622,-1.7104720652706173,2.6906190159127847,11.9
1.0,22.003774207774143,15.108752983619532,1.44315383455998,2.4880559693214805,11.9
2.0,26.113141713349847,1.7933043212640118,2.15020878556742,-0.22378446200254207,11.9
3.0,13.123389564085338,-1.5108395928201883,0.14927508784597715,-0.22316893874735869,11.9
4.0,18.390859037001324,-8.923223017001582,2.67614359953755,-2.5016690862192847,11.9
5.0,9.046038468833231,-3.548895122670954,0.4771558295294783,-1.0663166108497089,11.9
0.0,-1.9761042521318473,18.571254565647074,-1.7203739782625733,2.680072360600945,12.0
1.0,22.143191076003042,15.364266949114572,1.2760533886697198,2.620890483129402,12.0
2.0,26.33580535823235,1.7764785713392532,2.2810334821620235,-0.12745255299206446,12.0
3.0,13.135310681672,-1.5372226371000144,0.20953619951128885,-0.2692545097949552,12.0
4.0,18.65039005968292,-9.181902576984411,2.659704210358149,-2.5331975206550146,12.0
5.0,9.0937625142973,-3.660942535365929,0.48085226216653126,-1.086529221155203,12.0
